id_estudiante,curso,fecha_inscripcion,horas_estudio,porcentaje_avance,calificacion_final,pais,dispositivo
EST00384,Machine Learning Básico,04-12-2025,16.5,50.7%,8.16,Ecuador,Computador
EST00611,Estadística Aplicada,21-09-2025,12.6,59.4%,6.63,colombia,Movil
EST00453,Visualización de Datos,11/29/2025,293.7,,7.33,COLOMBIA,Computador
EST00853,SQL Fundamentals,2025-09-26,17.6,67.9%,6.87,ECU,Tablet
EST00437,Estadística Aplicada,08/02/2025,5.0,47.3%,5.26,Ecuador,MOVIL
EST00692,SQL Fundamentals,22/10/2025,,,,Ecuador,movil
EST00908,Machine Learning Básico,2025-08-12,27.4,22.5%,7.91,Ecuador,movil
EST00519,Machine Learning Básico,02/02/2025,18.3,88.9%,7.11,ECUADOR,Movil
EST00023,Estadística Aplicada,07/06/2025,16.3,81.7%,7.54,MEX,Computador
EST00172,SQL Fundamentals,11-05-2025,17.7,97.9%,7.46,peru,MOVIL
EST00595,Excel Avanzado,21/12/2025,17.0,38.0%,8.31,colombia,Computador
EST00671,SQL Fundamentals,17-10-2025,26.5,65.1%,7.02,Ecuador,computador
EST00914,Python para Datos,2025-07-29,12.0,33.8%,6.9,ECU,Movil
EST00132,Visualización de Datos,23/01/2025,14.9,44.3%,6.98,COL,computador
EST00125,SQL Fundamentals,11/08/2025,20.0,100%,, Ecuador,MOVIL
EST00880,Excel Avanzado,2025-04-28,15.2,64.7%,,ECU,movil
EST00699,Estadística Aplicada,14-08-2025,,60.1%,8.72,chile,MOVIL
EST00809,Estadística Aplicada,13-08-2025,9.8,71.2%,7.55,Colombia,movil
EST00139,Estadística Aplicada,29/12/2025,15.1,44.7%,10.07,COL,Movil
EST00700,Excel Avanzado,17-06-2025,16.1,59.0%,8.44,Chile,Computador
EST00688,Excel Avanzado,,13.9,60.5%,6.25,Ecuador,Tablet
EST00216,SQL Fundamentals,2025-02-07,10.4,72.3%,7.63,MEX,Movil
EST00941,Estadística Aplicada,2025-12-27,11.5,61.4%,2.7,Ecuador,Computador
EST00004,Estadística Aplicada,2025-12-04,9.2,64.0%,6.72, peru,movil
EST00438,Visualización de Datos,25-06-2025,11.1,56.1%,8.47,,Computador
EST00694,Visualización de Datos,03/01/2025,25.9,58.4%,7.06,Perú,movil
EST00594,Machine Learning Básico,2025-06-26,8.1,47.9%,-5.0,PER,Computador
EST00051,Estadística Aplicada,05-09-2025,16.9,100%,10.14, peru,MOVIL
EST00435,SQL Fundamentals,22/09/2025,19.7,54.7%,8.03,COL,
EST00153,Visualización de Datos,11/09/2025,15.2,89.3%,2.99,ecuador,Computador
EST00914,Python para Datos,2025-07-29,12.0,33.8%,6.9,ECU,Movil
EST00231,Estadística Aplicada,06/18/2025,25.4,85.0%,7.15,Colombia,MOVIL
EST00419,SQL Fundamentals,11/13/2025,22.2,88.3%,8.39,MEX,Movil
EST00583,SQL Fundamentals,22-06-2025,9.1,50.8%,7.85,Mexico,Tablet
EST00268,Python para Datos,21-08-2025,10.7,74.2%,8.48,ecuador,tablet
EST00021,Excel Avanzado,10-04-2025,16.4,36.1%,,MEX,movil
EST00743,Python para Datos,22-01-2025,11.8,72.5%,8.3,COLOMBIA,Movil
EST00169,SQL Fundamentals,2025-04-07,20.9,93.7%,7.79,PER,Movil
EST00058,Estadística Aplicada,2025-03-27,22.8,99.6%,8.77,Colombia,Movil
EST00457,Estadística Aplicada,18/04/2025,22.4,70.0%,8.51,México,computador
EST00528,SQL Fundamentals,05/12/2025,,57.1%,6.5,ECUADOR,MOVIL
EST00168,Visualización de Datos,21-05-2025,8.5,72.9%,7.83,Ecuador,tablet
EST00137,Python para Datos,10/25/2025,5.3,85.0%,8.78,,Movil
EST00223,Estadística Aplicada,11/05/2025,0.5,28.8%,3.63,ECU,Computador
EST00510,Excel Avanzado,2025-08-15,11.5,94.6%,6.84,ECUADOR,MOVIL
EST00302,SQL Fundamentals,2025-09-30,22.0,51.1%,6.24,ECU,computador
EST00318,Visualización de Datos,18/08/2025,20.5,61.2%,5.77,Ecuador,tablet
EST00633,Visualización de Datos,17-08-2025,19.3,48.1%,7.35,Ecuador,Movil
EST00650,Visualización de Datos,29-11-2025,11.1,86.0%,5.86,ECUADOR,Computador
EST00293,Machine Learning Básico,01/27/2025,8.6,87.7%,8.9,Colombia,Computador
EST00779,SQL Fundamentals,2025-12-12,23.8,,7.72,colombia,MOVIL
EST00173,SQL Fundamentals,15-02-2025,8.1,83.8%,8.3,MEX,tablet
EST00178,Visualización de Datos,15/04/2025,14.8,59.9%,5.89, peru,MOVIL
EST00114,Estadística Aplicada,,7.3,69.8%,6.08,ECUADOR,movil
EST00130,Visualización de Datos,16/12/2025,13.8,60.1%,5.45,colombia,Tablet
EST00680,SQL Fundamentals,10/28/2025,18.6,59.4%,7.71,peru,movil
EST00442,Visualización de Datos,18/04/2025,18.7,27.8%,,peru,movil
EST00543,Estadística Aplicada,2025-08-08,23.5,100%,6.95,,MOVIL
EST00906,Visualización de Datos,18-03-2025,14.0,92.7%,7.53,ECUADOR,
EST00492,Excel Avanzado,01/13/2025,7.3,63.7%,6.45, Ecuador,Computador
EST00288,Machine Learning Básico,2025-04-11,13.7,64.7%,4.82,Mexico,MOVIL
EST00408,Estadística Aplicada,01/08/2025,7.3,46.5%,,CHI,movil
EST00994,Excel Avanzado,06/15/2025,14.8,52.5%,5.97,colombia,computador
EST00597,Visualización de Datos,09/10/2025,11.1,47.5%,6.49,México,movil
EST00397,SQL Fundamentals,02/01/2025,8.5,40.7%,7.5,ECUADOR,Computador
EST00816,Python para Datos,01/01/2025,17.4,100%,6.07,ECU,Computador
EST00854,Machine Learning Básico,20-03-2025,15.4,,4.57,Mexico,Computador
EST00898,Estadística Aplicada,13/03/2025,12.3,,7.04,Colombia,Tablet
EST00317,Estadística Aplicada,14-01-2025,14.5,60.7%,4.84,COLOMBIA,computador
EST00804,Python para Datos,2025-04-12,18.7,96.9%,7.27,ECUADOR,computador
EST00127,Machine Learning Básico,2025-04-04,12.0,55.4%,,colombia,movil
EST00748,Estadística Aplicada,09/15/2025,20.2,57.6%,8.54, Ecuador,computador
EST00475,Excel Avanzado,2025-11-05,22.4,26.7%,8.56,ECU,Computador
EST00144,SQL Fundamentals,26/04/2025,17.4,38.9%,6.92,Colombia,Movil
EST00087,SQL Fundamentals,08/20/2025,12.2,100%,8.66,colombia,computador
EST00848,Estadística Aplicada,2025-09-29,,54.2%,8.18,colombia,MOVIL
EST00901,Visualización de Datos,2025-11-06,,70.6%,8.46,Colombia,Computador
EST00246,Visualización de Datos,22-10-2025,,73.8%,6.21,México,Movil
EST00075,Excel Avanzado,2025-02-08,13.9,81.4%,6.41,PER,computador
EST00647,Visualización de Datos,2025-02-22,5.8,96.2%,6.72,ECUADOR,movil
EST00684,SQL Fundamentals,27-12-2025,10.6,100%,6.44, Ecuador,Computador
EST00976,Estadística Aplicada,07/15/2025,18.4,73.0%,7.46,COLOMBIA,Movil
EST00047,SQL Fundamentals,2025-06-15,8.0,71.8%,9.59,PER,movil
EST00845,Python para Datos,2025-10-09,8.2,67.0%,9.99,México,Computador
EST00571,Estadística Aplicada,03/05/2025,19.5,61.9%,5.76,,Computador
EST00755,Excel Avanzado,01/02/2025,11.1,45.0%,7.54,chile,computador
EST00428,Excel Avanzado,05/05/2025,239.3,45.6%,6.74,ECU,MOVIL
EST00678,Machine Learning Básico,2025-04-12,,43.8%,5.16,Peru,movil
EST00554,Python para Datos,17-02-2025,17.4,61.6%,7.02,Ecuador,Computador
EST00672,Machine Learning Básico,31/07/2025,16.9,33.4%,7.01,ECUADOR,MOVIL
EST00667,Excel Avanzado,2025-09-23,,91.7%,7.36,chile,computador
EST00263,Visualización de Datos,08/03/2025,16.4,56.2%,2.57,ECUADOR,tablet
EST00631,Python para Datos,05/08/2025,15.4,87.1%,6.51,CHILE,Movil
EST00715,Python para Datos,27-01-2025,16.9,78.3%,22.0,COLOMBIA,Computador
EST00477,Machine Learning Básico,2025-11-03,13.8,38.4%,4.5,COLOMBIA,MOVIL
EST00217,Python para Datos,10/28/2025,20.1,77.7%,6.98,peru,MOVIL
EST00589,Python para Datos,04/11/2025,8.8,74.3%,5.02,ECU,computador
EST00802,Estadística Aplicada,30-06-2025,5.9,55.6%,5.01,CHILE,Computador
EST00155,Python para Datos,2025-07-27,23.6,58.3%,9.86,colombia,movil
EST00639,Python para Datos,2025-01-06,19.4,66.8%,6.64,Peru,Tablet
EST00378,Python para Datos,07-05-2025,18.2,,4.89, Ecuador,Computador
EST00963,SQL Fundamentals,11/25/2025,7.6,69.8%,7.78,Ecuador,computador
EST00439,Python para Datos,28-05-2025,10.8,76.5%,5.7,peru,Tablet
EST00902,Visualización de Datos,03/05/2025,16.1,36.7%,8.68, Ecuador,MOVIL
EST00390,Estadística Aplicada,03/01/2025,16.9,58.0%,7.37,Mexico,Tablet
EST00309,SQL Fundamentals,14/06/2025,11.8,62.2%,8.31,México,movil
EST00876,SQL Fundamentals,,15.2,,5.72,Mexico,MOVIL
EST00225,SQL Fundamentals,07-11-2025,18.1,53.5%,7.84,peru,Movil
EST00508,Visualización de Datos,11/08/2025,12.2,44.8%,9.26,ECU,computador
EST00485,Estadística Aplicada,21-11-2025,3.6,48.5%,6.97,Mexico,computador
EST00110,Estadística Aplicada,21/07/2025,5.1,56.5%,6.22,colombia,MOVIL
EST00289,SQL Fundamentals,09/04/2025,21.2,71.9%,8.78,mexico,Computador
EST00607,Excel Avanzado,08-12-2025,18.9,67.8%,,peru,MOVIL
EST00254,Python para Datos,24-11-2025,4.5,90.0%,5.37,ECU,tablet
EST00214,SQL Fundamentals,01/03/2025,9.8,100%,6.38, Ecuador,computador
EST00496,Visualización de Datos,26/02/2025,14.6,62.2%,7.1,ecuador,MOVIL
EST00452,Python para Datos,12/17/2025,18.5,65.7%,3.95,ECUADOR,tablet
EST00108,SQL Fundamentals,14/08/2025,13.2,79.3%,10.0,COL,Movil
EST00724,Excel Avanzado,23-05-2025,14.7,50.5%,10.58,colombia,movil
EST00063,Visualización de Datos,,15.2,51.6%,7.47,ECUADOR,Movil
EST00767,SQL Fundamentals,05/10/2025,29.1,72.7%,7.6,Chile,computador
EST00154,Machine Learning Básico,12-12-2025,8.2,49.9%,5.66,México,movil
EST00924,Python para Datos,23/04/2025,2.2,83.1%,5.43,Ecuador,Computador
EST00064,Machine Learning Básico,03/01/2025,1.3,66.4%,7.62,Perú,Movil
EST00101,Machine Learning Básico,07/11/2025,13.9,61.8%,7.31,colombia,movil
EST00209,Estadística Aplicada,07/16/2025,15.2,65.1%,9.58,Ecuador,MOVIL
EST00494,Estadística Aplicada,12-08-2025,8.3,88.7%,7.32,Ecuador,movil
EST00049,Estadística Aplicada,22/02/2025,,69.6%,6.17,ecuador,Computador
EST00545,Python para Datos,20/08/2025,6.9,62.5%,6.08,ecuador,computador
EST00764,Estadística Aplicada,12-04-2025,,86.2%,7.91,Perú,Computador
EST00270,Machine Learning Básico,26-09-2025,14.9,61.2%,,Ecuador,tablet
EST00669,Excel Avanzado,01-04-2025,23.5,92.3%,7.08,México,Computador
EST00003,Python para Datos,08/03/2025,15.4,74.4%,5.71,,Computador
EST00273,Estadística Aplicada,20-10-2025,16.1,64.5%,6.07,México,MOVIL
EST00881,Machine Learning Básico,06-11-2025,26.9,53.6%,6.9,MEX,Tablet
EST00645,Machine Learning Básico,09/05/2025,14.6,78.1%,15.0,ECUADOR,MOVIL
EST00619,Visualización de Datos,27-02-2025,13.3,59.4%,,Ecuador,movil
EST00910,Machine Learning Básico,08/07/2025,12.5,58.3%,7.51,PER,movil
EST00674,Excel Avanzado,25-02-2025,6.8,44.1%,7.92,Peru,tablet
EST00878,Estadística Aplicada,16/11/2025,4.6,79.7%,6.86, Ecuador,Tablet
EST00295,SQL Fundamentals,16/07/2025,16.7,64.1%,7.12, Ecuador,MOVIL
EST00799,Machine Learning Básico,2025-03-18,17.1,57.6%,6.11,ECU,tablet
EST00482,Machine Learning Básico,2025-03-27,22.2,60.7%,8.0,CHILE,Tablet
EST00220,Estadística Aplicada,04/20/2025,23.9,38.5%,6.27,Perú,
EST00375,SQL Fundamentals,2025-11-07,7.7,100%,7.55,Mexico,computador
EST00701,Python para Datos,17/11/2025,14.6,58.4%,6.62, Ecuador,MOVIL
EST00085,SQL Fundamentals,09-12-2025,15.4,86.5%,5.73, Ecuador,Movil
EST00278,Excel Avanzado,2025-02-17,10.7,,4.1,chile,computador
EST00947,Machine Learning Básico,24-05-2025,14.4,45.9%,10.09,colombia,MOVIL
EST00586,Visualización de Datos,04/24/2025,13.8,56.6%,6.14,MEX,Computador
EST00296,SQL Fundamentals,20/10/2025,18.2,29.5%,7.49,,Computador
EST00850,Python para Datos,11/06/2025,7.8,44.1%,6.29,Chile,computador
EST00400,Excel Avanzado,2025-11-06,27.1,79.5%,5.6,ECUADOR,computador
EST00778,Python para Datos,2025-05-05,16.3,69.3%,7.75,Ecuador,MOVIL
EST00771,SQL Fundamentals,2025-07-14,13.5,82.8%,8.68,ecuador,computador
EST00567,Visualización de Datos,2025-12-18,10.3,42.3%,8.99,ECUADOR,movil
EST00693,Estadística Aplicada,11/01/2025,14.6,72.5%,4.22,colombia,tablet
EST00733,Machine Learning Básico,09/29/2025,11.1,70.1%,8.34,Colombia,tablet
EST00703,Estadística Aplicada,2025-08-29,10.4,70.6%,7.87,ecuador,computador
EST00598,SQL Fundamentals,01/10/2025,8.4,97.2%,6.26,Colombia,computador
EST00566,Visualización de Datos,02/13/2025,15.9,89.8%,6.0,MEX,MOVIL
EST00520,Estadística Aplicada,19-04-2025,18.5,51.7%,5.43,chile,computador
EST00065,SQL Fundamentals,28-07-2025,2.6,76.8%,4.63,Perú,computador
EST00133,Estadística Aplicada,04/11/2025,,58.0%,5.47,Colombia,tablet
EST00608,SQL Fundamentals,12/10/2025,14.0,87.7%,8.16,MEX,MOVIL
EST00962,Python para Datos,02/22/2025,23.6,94.6%,8.18,Ecuador,Computador
EST00705,Excel Avanzado,28/11/2025,15.5,63.1%,11.11,Ecuador,Movil
EST00082,Visualización de Datos,05/18/2025,11.1,61.2%,7.49,México,tablet
EST00276,SQL Fundamentals,06/13/2025,18.0,64.1%,10.0,ECU,computador
EST00637,SQL Fundamentals,08-12-2025,18.7,60.5%,8.71,ECUADOR,movil
EST00116,Excel Avanzado,2025-11-09,12.5,44.2%,3.38,ECUADOR,MOVIL
EST00192,Machine Learning Básico,08-11-2025,19.2,49.8%,5.71,,Computador
EST00810,Python para Datos,10/05/2025,,36.6%,5.96,PER,computador
EST00770,Excel Avanzado,2025-12-30,10.1,75.8%,10.18,colombia,Movil
EST00335,Machine Learning Básico,12/01/2025,19.5,42.7%,7.62,Perú,Computador
EST00351,Visualización de Datos,08/21/2025,13.1,43.1%,8.54,mexico,Computador
EST00787,Estadística Aplicada,15-03-2025,22.7,74.0%,6.61,ECUADOR,MOVIL
EST00572,Visualización de Datos,20-03-2025,16.1,75.9%,7.36,Ecuador,Computador
EST00260,Excel Avanzado,2025-08-13,21.0,65.6%,6.67,PER,MOVIL
EST00502,Machine Learning Básico,21/08/2025,22.0,55.6%,,Ecuador,movil
EST00183,Visualización de Datos,01/15/2025,23.9,91.3%,6.84,CHI,movil
EST00834,Excel Avanzado,10/20/2025,10.1,51.4%,5.97,ECUADOR,Computador
EST00272,Visualización de Datos,15-12-2025,17.0,48.8%,8.32,CHILE,computador
EST00481,Python para Datos,25/02/2025,14.7,45.3%,6.92,peru,MOVIL
EST00612,SQL Fundamentals,02/06/2025,8.5,58.0%,8.15,CHILE,MOVIL
EST00542,Estadística Aplicada,02-01-2025,14.8,50.3%,7.04,Ecuador,Movil
EST00564,SQL Fundamentals,05/03/2025,4.6,86.0%,6.3,Ecuador,MOVIL
EST00720,Excel Avanzado,01/16/2025,6.5,49.9%,5.42,Chile,movil
EST00007,Python para Datos,26/11/2025,18.7,62.7%,5.74,ECU,computador
EST00890,Python para Datos,17-08-2025,22.3,52.1%,6.21, peru,Movil
EST00928,Excel Avanzado,03-09-2025,2.3,51.5%,8.83, Ecuador,
EST00421,SQL Fundamentals,01/11/2025,12.4,,,CHI,computador
EST00957,Estadística Aplicada,16/02/2025,21.1,66.0%,6.59,Colombia,MOVIL
EST00041,Visualización de Datos,15-02-2025,23.0,51.1%,6.66,CHILE,MOVIL
EST00436,Python para Datos,2025-01-22,19.0,64.1%,4.06,ECU,Computador
EST00470,SQL Fundamentals,06-05-2025,17.8,,9.21,MEX,Computador
EST00308,Machine Learning Básico,08-10-2025,6.0,54.2%,8.84,ECU,computador
EST00813,Machine Learning Básico,10/03/2025,19.9,45.8%,7.5,ECUADOR,movil
EST00018,Estadística Aplicada,08/10/2025,6.3,45.1%,7.6,Ecuador,Tablet
EST00573,Python para Datos,08/24/2025,14.7,50.5%,,ecuador,Tablet
EST00226,SQL Fundamentals,,8.3,66.7%,7.49,ecuador,Computador
EST00917,Visualización de Datos,04-07-2025,16.4,32.0%,7.64,Chile,computador
EST00300,Visualización de Datos,2025-08-14,20.8,60.9%,4.79,México,Movil
EST00919,SQL Fundamentals,04/20/2025,12.5,,5.21,ECU,movil
EST00887,SQL Fundamentals,02/09/2025,17.4,44.9%,4.7,Colombia,Movil
EST00568,Python para Datos,05-03-2025,18.5,54.6%,8.17,COL,movil
EST00391,Python para Datos,10/13/2025,16.9,,6.5,ecuador,
EST00759,Excel Avanzado,10/21/2025,13.7,57.4%,9.13,colombia,Computador
EST00500,Excel Avanzado,30/01/2025,14.8,46.1%,6.65,COL,MOVIL
EST00679,SQL Fundamentals,06-12-2025,9.7,49.4%,7.78, Ecuador,Computador
EST00713,Machine Learning Básico,2025-01-28,13.4,40.7%,4.88,Ecuador,Computador
EST00499,Python para Datos,20-03-2025,,41.6%,5.05,MEX,computador
EST00636,SQL Fundamentals,21-06-2025,20.6,58.9%,8.64,MEX,Tablet
EST00019,Excel Avanzado,2025-05-12,12.7,57.9%,8.11,México,computador
EST00965,Estadística Aplicada,03/01/2025,19.4,82.4%,8.66,mexico,computador
EST00716,SQL Fundamentals,02/04/2025,29.7,44.0%,5.44, Ecuador,computador
EST00918,SQL Fundamentals,03/07/2025,19.7,36.8%,9.51,México,Computador
EST00033,Estadística Aplicada,2025-12-07,24.5,62.6%,7.43, peru,Computador
EST00054,Machine Learning Básico,29-03-2025,12.2,66.0%,6.56,COL,Tablet
EST00215,Python para Datos,2025-07-26,8.1,62.7%,5.5, Ecuador,Movil
EST00126,Python para Datos,2025-03-29,14.0,77.5%,,PER,Computador
EST00640,Python para Datos,06/25/2025,9.3,,9.16,CHILE,computador
EST00775,Visualización de Datos,2025-07-20,26.7,83.1%,8.74,mexico,movil
EST00237,Estadística Aplicada,09/02/2025,,70.2%,8.27, Ecuador,tablet
EST00897,Excel Avanzado,02-10-2025,9.9,77.3%,8.88, Ecuador,Computador
EST00465,Visualización de Datos,2025-04-18,17.4,80.7%,6.93,COL,computador
EST00999,Estadística Aplicada,05-08-2025,9.8,44.4%,5.91,peru,Movil
EST00972,Machine Learning Básico,2025-12-13,15.8,92.0%,8.07,COL,Computador
EST00079,Visualización de Datos,09/12/2025,10.0,35.4%,5.67,,Tablet
EST00306,Machine Learning Básico,2025-06-22,10.8,33.0%,7.2,COLOMBIA,computador
EST00613,Machine Learning Básico,14/04/2025,6.2,70.1%,7.27,colombia,Movil
EST00043,Estadística Aplicada,19/08/2025,9.9,35.7%,,Peru,movil
EST00934,SQL Fundamentals,17/05/2025,8.9,97.1%,8.56,ECUADOR,Computador
EST00016,Visualización de Datos,2025-02-08,7.8,55.6%,7.02,ecuador,computador
EST00427,Visualización de Datos,05-11-2025,31.6,86.0%,8.27,Mexico,computador
EST00575,Machine Learning Básico,,21.4,100%,6.72,,MOVIL
EST00028,Visualización de Datos,2025-01-04,14.0,31.5%,6.27,chile,computador
EST00301,Excel Avanzado,28/02/2025,12.2,35.2%,7.08,ECUADOR,Computador
EST00358,Excel Avanzado,2025-10-02,20.4,59.3%,6.12,Colombia,MOVIL
EST00820,Excel Avanzado,05/11/2025,18.1,54.7%,8.14, peru,computador
EST00530,SQL Fundamentals,2025-11-28,20.9,47.7%,8.21,CHI,Movil
EST00026,Estadística Aplicada,11/04/2025,32.5,45.2%,3.8,ECUADOR,Computador
EST00417,Estadística Aplicada,2025-12-25,15.1,70.5%,7.69,peru,movil
EST00570,Estadística Aplicada,10/28/2025,16.4,97.3%,8.17,chile,computador
EST00975,Visualización de Datos,09/25/2025,236.2,100%,5.78,México,computador
EST00031,Python para Datos,,9.6,72.7%,6.77,Peru,Movil
EST00822,Python para Datos,2025-10-07,25.2,73.6%,6.52,PER,movil
EST00986,SQL Fundamentals,05/12/2025,11.0,,8.72, Ecuador,movil
EST00859,Excel Avanzado,06/07/2025,10.7,35.0%,6.71, Ecuador,MOVIL
EST00495,Excel Avanzado,2025-02-06,17.4,71.0%,6.83,Ecuador,Tablet
EST00479,Python para Datos,2025-06-12,10.4,51.3%,,Ecuador,movil
EST00772,Machine Learning Básico,06/01/2025,16.8,62.3%,6.82,Ecuador,computador
EST00267,Excel Avanzado,06/16/2025,28.8,100%,7.54,peru,movil
EST00135,Excel Avanzado,28-09-2025,19.6,42.6%,7.67,,computador
EST00106,Visualización de Datos,05/04/2025,191.7,47.0%,7.28,MEX,Movil
EST00008,Python para Datos,05/15/2025,18.9,75.9%,6.0,COLOMBIA,
EST00855,Excel Avanzado,08/10/2025,,82.7%,8.96,Perú,MOVIL
EST00126,Python para Datos,2025-03-29,14.0,77.5%,,PER,Computador
EST00344,Estadística Aplicada,2025-08-07,5.2,,6.31,ECUADOR,computador
EST00284,Estadística Aplicada,08-04-2025,17.4,50.5%,6.13,Perú,Movil
EST00373,SQL Fundamentals,05/23/2025,20.5,100%,,MEX,computador
EST00837,Machine Learning Básico,04/09/2025,0.5,77.8%,7.67,Colombia,MOVIL
EST00376,Estadística Aplicada,2025-11-26,4.1,43.1%,4.83,ECU,MOVIL
EST00892,Visualización de Datos,23-03-2025,9.6,100%,7.14,ECUADOR,Computador
EST00200,Visualización de Datos,06/14/2025,5.7,59.5%,6.11,PER,MOVIL
EST00579,Visualización de Datos,12-03-2025,,64.0%,7.82,ECUADOR,computador
EST00120,Python para Datos,30/12/2025,,68.3%,6.41,COLOMBIA,computador
EST00081,Python para Datos,09/16/2025,14.2,83.6%,6.09,ECUADOR,computador
EST00503,SQL Fundamentals,04/30/2025,8.7,57.1%,4.57,chile,Tablet
EST00823,Estadística Aplicada,13/11/2025,10.6,71.5%,4.94,ecuador,Movil
EST00212,Machine Learning Básico,26/12/2025,,65.0%,,PER,movil
EST00698,Python para Datos,12/12/2025,,63.0%,7.61,ecuador,movil
EST00988,Excel Avanzado,06/03/2025,11.2,70.7%,7.93,,computador
EST00835,Estadística Aplicada,29-05-2025,,74.2%,8.19,ECU,MOVIL
EST00958,Python para Datos,31-08-2025,13.1,33.3%,6.19,COLOMBIA,Computador
EST00682,Python para Datos,19-01-2025,16.7,78.9%,8.4,colombia,Computador
EST00320,Excel Avanzado,25/02/2025,11.5,55.2%,8.34,colombia,computador
EST00873,Estadística Aplicada,2025-08-06,24.6,72.4%,5.52,Peru,MOVIL
EST00259,Visualización de Datos,11/11/2025,5.6,92.4%,5.72,ECUADOR,Computador
EST00272,Visualización de Datos,15-12-2025,17.0,48.8%,8.32,CHILE,computador
EST00884,Machine Learning Básico,09/21/2025,,80.2%,6.02,CHI,Movil
EST00102,Excel Avanzado,21/08/2025,19.2,72.7%,7.83,Mexico,movil
EST00513,Visualización de Datos,26/04/2025,,99.5%,4.13,chile,Computador
EST00501,Machine Learning Básico,30-07-2025,23.4,78.0%,5.75,Ecuador,Tablet
EST00979,Estadística Aplicada,08/23/2025,7.9,75.1%,6.96,Peru,
EST00533,Excel Avanzado,2025-12-05,15.0,72.1%,9.92, peru,computador
EST00949,Python para Datos,03/01/2025,14.6,72.7%,5.38,ECUADOR,MOVIL
EST00829,SQL Fundamentals,06/03/2025,15.4,41.3%,6.65,COLOMBIA,computador
EST00387,Visualización de Datos,31-05-2025,15.4,69.3%,8.16,ECUADOR,tablet
EST00681,Estadística Aplicada,25/02/2025,181.0,47.8%,8.15,MEX,computador
EST00877,Visualización de Datos,2025-11-18,5.7,65.2%,9.97,Chile,tablet
EST00175,Machine Learning Básico,04/28/2025,0.5,0%,4.41,CHI,movil
EST00516,Python para Datos,20/06/2025,5.8,78.5%,5.45,colombia,movil
EST00954,SQL Fundamentals,08/08/2025,9.0,38.3%,7.57,ECU,computador
EST00333,Excel Avanzado,2025-02-09,13.4,80.4%,8.83,Peru,movil
EST00379,Machine Learning Básico,2025-01-06,13.4,53.5%,5.07,COL,Movil
EST00836,Excel Avanzado,15/06/2025,18.9,71.4%,6.66,ecuador,Movil
EST00517,SQL Fundamentals,07/19/2025,14.3,100%,4.5,PER,movil
EST00807,Machine Learning Básico,11/10/2025,14.5,54.3%,7.37,mexico,movil
EST00374,Machine Learning Básico,06-02-2025,19.0,67.0%,5.32, Ecuador,Computador
EST00731,Python para Datos,2025-03-02,17.6,46.8%,7.43, Ecuador,Computador
EST00660,Visualización de Datos,2025-09-22,23.4,100%,4.92,Chile,Computador
EST00371,Excel Avanzado,2025-07-03,12.1,55.1%,7.99,COL,MOVIL
EST00370,Machine Learning Básico,17-11-2025,7.0,76.3%,3.1,COL,Movil
EST00186,Machine Learning Básico,17/02/2025,199.0,93.8%,6.25,CHILE,Movil
EST00467,SQL Fundamentals,22-02-2025,12.4,72.8%,6.43,COLOMBIA,Movil
EST00832,Estadística Aplicada,15-03-2025,19.1,70.4%,4.22,COLOMBIA,Computador
EST00711,Machine Learning Básico,10-09-2025,16.9,70.9%,6.27,México,movil
EST00540,SQL Fundamentals,01-04-2025,19.5,58.4%,3.23,Chile,computador
EST00675,Visualización de Datos,26-12-2025,,76.2%,,Chile,movil
EST01000,Excel Avanzado,29/04/2025,3.9,77.5%,8.35,Mexico,MOVIL
EST00955,Visualización de Datos,09/20/2025,12.4,50.7%,5.83,ECUADOR,movil
EST00921,Excel Avanzado,27/04/2025,14.3,81.5%,,COL,movil
EST00548,Excel Avanzado,10/20/2025,24.8,,6.27,peru,computador
EST00793,Excel Avanzado,17-12-2025,17.8,29.6%,9.76,Perú,movil
EST00704,Machine Learning Básico,04/02/2025,14.0,63.2%,7.44, Ecuador,tablet
EST00789,SQL Fundamentals,29-09-2025,15.1,70.2%,10.14,Perú,computador
EST00561,Machine Learning Básico,08/09/2025,22.1,100%,,ecuador,tablet
EST00752,Python para Datos,01/11/2025,26.1,80.5%,,México,tablet
EST00777,Visualización de Datos,25/01/2025,14.5,65.6%,5.73,Perú,Movil
EST00683,Visualización de Datos,02/27/2025,14.4,,7.95,ecuador,tablet
EST00136,SQL Fundamentals,2025-05-01,18.3,70.6%,7.24,CHILE,computador
EST00677,Excel Avanzado,2025-12-16,19.3,26.2%,5.02,ecuador,Tablet
EST00369,Estadística Aplicada,2025-12-23,18.5,65.3%,5.82,Mexico,movil
EST00872,Estadística Aplicada,2025-08-20,20.1,54.1%,7.27, Ecuador,computador
EST00248,Visualización de Datos,12/15/2025,18.4,72.1%,9.87,México,computador
EST00357,Excel Avanzado,02-10-2025,16.5,51.9%,7.32,Perú,Movil
EST00936,Excel Avanzado,02-01-2025,13.9,65.2%,8.19,PER,movil
EST00615,Visualización de Datos,07/03/2025,,90.2%,6.21,ECUADOR,computador
EST00599,Estadística Aplicada,11-03-2025,14.8,48.6%,8.62,Ecuador,computador
EST00890,Python para Datos,17-08-2025,22.3,52.1%,6.21, peru,Movil
EST00577,Excel Avanzado,05/10/2025,14.3,69.8%,7.41,ecuador,MOVIL
EST00735,Machine Learning Básico,06/09/2025,22.0,70.1%,8.03, peru,
EST00801,Excel Avanzado,2025-12-08,11.5,100%,8.31,COLOMBIA,computador
EST00825,Machine Learning Básico,2025-11-22,19.8,97.0%,8.12,COL,Tablet
EST00663,Estadística Aplicada,01-10-2025,15.8,82.2%,8.79,COLOMBIA,MOVIL
EST00147,Visualización de Datos,2025-05-06,239.4,86.2%,8.54, Ecuador,Computador
EST00398,Excel Avanzado,2025-06-23,18.0,57.5%,10.18,Ecuador,Computador
EST00861,Excel Avanzado,05/22/2025,185.5,65.2%,8.19,Chile,movil
EST00973,SQL Fundamentals,2025-06-23,18.0,64.5%,8.61,Ecuador,Computador
EST00327,SQL Fundamentals,2025-05-02,22.3,33.2%,7.45,Perú,movil
EST00490,Python para Datos,27/12/2025,17.7,60.6%,8.49,ecuador,Movil
EST00141,Machine Learning Básico,18-04-2025,18.8,,7.51,Perú,Computador
EST00959,Estadística Aplicada,2025-04-15,,71.7%,5.9,COLOMBIA,movil
EST00474,Machine Learning Básico,03-03-2025,28.0,79.3%,4.59,ECU,movil
EST00367,Machine Learning Básico,2025-01-16,14.4,88.8%,7.94, Ecuador,MOVIL
EST00795,Excel Avanzado,2025-04-11,15.2,24.2%,8.68,Peru,movil
EST00543,Estadística Aplicada,2025-08-08,23.5,100%,6.95,,MOVIL
EST00027,Machine Learning Básico,06/27/2025,10.1,52.8%,6.79,chile,MOVIL
EST00156,SQL Fundamentals,10/21/2025,14.4,72.3%,11.77,PER,tablet
EST00946,Estadística Aplicada,25/12/2025,,43.0%,8.52,ECU,computador
EST00937,Machine Learning Básico,14-09-2025,19.8,50.8%,7.98,COL,movil
EST00702,Python para Datos,21-05-2025,16.4,45.7%,10.22,ECU,MOVIL
EST00769,Visualización de Datos,20-03-2025,,70.7%,4.54, Ecuador,MOVIL
EST00626,Visualización de Datos,2025-07-01,8.4,67.3%,8.42,Ecuador,MOVIL
EST00426,Machine Learning Básico,19/12/2025,5.7,64.3%,6.26,CHILE,Tablet
EST00968,Estadística Aplicada,07/21/2025,16.8,46.1%,5.85,MEX,MOVIL
EST00987,SQL Fundamentals,2025-08-14,9.4,97.1%,4.87,PER,Tablet
EST00100,Estadística Aplicada,07/03/2025,21.9,49.3%,4.47,CHILE,MOVIL
EST00349,Visualización de Datos,05-07-2025,15.9,73.7%,5.83,PER,Movil
EST00422,SQL Fundamentals,11/20/2025,16.6,70.6%,9.05, Ecuador,movil
EST00876,SQL Fundamentals,,15.2,,5.72,Mexico,MOVIL
EST00167,Estadística Aplicada,25-09-2025,24.5,100%,6.66,COL,MOVIL
EST00345,Python para Datos,04/29/2025,16.6,69.0%,4.66,peru,tablet
EST00629,SQL Fundamentals,2025-02-15,23.4,67.1%,5.08,ECUADOR,Movil
EST00024,Machine Learning Básico,05-03-2025,,57.2%,4.93,Mexico,computador
EST00587,Python para Datos,05-08-2025,13.2,73.6%,6.49,Perú,MOVIL
EST00205,Estadística Aplicada,2025-06-01,15.6,87.7%,6.46,ECUADOR,
EST00034,Visualización de Datos,01/09/2025,12.5,73.6%,9.3,,computador
EST00198,Visualización de Datos,11-12-2025,22.9,53.3%,9.15,COLOMBIA,MOVIL
EST00758,Python para Datos,2025-08-08,23.3,44.8%,7.46,ECU,computador
EST00874,Estadística Aplicada,24/02/2025,6.0,69.0%,3.02,Ecuador,MOVIL
EST00406,Visualización de Datos,2025-08-06,10.4,49.1%,5.35,Mexico,computador
EST00676,Machine Learning Básico,05/15/2025,,73.5%,10.94,MEX,Computador
EST00409,Visualización de Datos,03/10/2025,14.5,,8.84, Ecuador,tablet
EST00562,Excel Avanzado,15-01-2025,16.5,100%,5.73,PER,Movil
EST00010,SQL Fundamentals,18/10/2025,18.8,58.6%,6.29,Mexico,movil
EST00011,Excel Avanzado,14-10-2025,13.3,47.7%,,ECU,movil
EST00080,Visualización de Datos,2025-02-06,25.3,72.9%,, Ecuador,Computador
EST00729,Excel Avanzado,18/11/2025,16.9,79.9%,8.16,Perú,Computador
EST00385,Excel Avanzado,2025-12-28,11.9,44.1%,5.8, Ecuador,tablet
EST00119,Python para Datos,14-07-2025,16.0,62.2%,7.92,peru,computador
EST00887,SQL Fundamentals,02/09/2025,17.4,44.9%,4.7,Colombia,Movil
EST00235,SQL Fundamentals,30-07-2025,22.2,24.7%,22.0,CHILE,movil
EST00553,Excel Avanzado,12-10-2025,17.3,54.4%,3.93,COL,MOVIL
EST00819,Visualización de Datos,06/09/2025,16.8,100%,8.33,PER,Tablet
EST00290,Python para Datos,02-01-2025,18.3,62.6%,4.57,ECUADOR,computador
EST00217,Python para Datos,10/28/2025,20.1,77.7%,6.98,peru,MOVIL
EST00050,SQL Fundamentals,07/07/2025,15.9,,7.0,MEX,movil
EST00537,Estadística Aplicada,22-06-2025,10.5,29.7%,,mexico,Tablet
EST00466,Visualización de Datos,07/02/2025,27.1,75.0%,4.48,Peru,MOVIL
EST00952,Excel Avanzado,,15.4,53.0%,6.67,ECU,computador
EST00690,Excel Avanzado,07/12/2025,16.8,63.7%,8.75,mexico,computador
EST00649,Python para Datos,02/28/2025,10.1,72.0%,6.77,COLOMBIA,movil
EST00145,Visualización de Datos,21/07/2025,20.4,70.0%,7.07,peru,computador
EST00821,Visualización de Datos,17-07-2025,14.7,69.6%,7.09,Ecuador,Tablet
EST00727,Estadística Aplicada,13/02/2025,10.2,44.1%,6.07,colombia,Movil
EST00830,Machine Learning Básico,2025-04-07,10.8,83.2%,,COL,computador
EST00334,Excel Avanzado,07/11/2025,9.7,82.2%,9.34,ecuador,MOVIL
EST00113,SQL Fundamentals,13-12-2025,8.8,36.5%,7.67,COL,MOVIL
EST00617,Python para Datos,17-11-2025,15.2,71.1%,7.19,mexico,Movil
EST00584,Machine Learning Básico,02-01-2025,9.1,57.9%,4.96,CHILE,computador
EST00361,SQL Fundamentals,06/04/2025,25.2,80.4%,-5.0,,MOVIL
EST00603,SQL Fundamentals,09/08/2025,8.8,70.5%,6.26,Colombia,Computador
EST00709,Estadística Aplicada,16-12-2025,17.5,71.3%,7.84,México,movil
EST00967,SQL Fundamentals,02/14/2025,26.9,72.7%,5.51,PER,Tablet
EST00339,Visualización de Datos,2025-04-03,13.2,74.5%,5.96,CHI,Tablet
EST00628,Estadística Aplicada,27/07/2025,17.3,75.5%,9.82,Ecuador,Computador
EST00996,Estadística Aplicada,05/12/2025,9.4,53.2%,6.89, Ecuador,computador
EST00685,Python para Datos,05-06-2025,12.3,95.9%,5.99,colombia,tablet
EST00654,Excel Avanzado,05-10-2025,7.9,,8.09,Peru,MOVIL
EST00352,Estadística Aplicada,07/28/2025,21.8,41.2%,6.13,COL,MOVIL
EST00714,Estadística Aplicada,21/03/2025,18.8,37.6%,9.69,México,Computador
EST00550,Python para Datos,01/26/2025,26.8,59.7%,6.31,Mexico,movil
EST00712,Visualización de Datos,30/07/2025,22.4,66.1%,5.53, Ecuador,movil
EST00469,Python para Datos,03/13/2025,25.1,46.2%,7.3,ECUADOR,computador
EST00806,Python para Datos,24-06-2025,8.9,64.0%,6.3, Ecuador,Movil
EST00412,Machine Learning Básico,03/29/2025,21.2,71.6%,7.37,Ecuador,movil
EST00323,Visualización de Datos,23/07/2025,,,5.17, peru,movil
EST00773,Estadística Aplicada,17/08/2025,22.3,99.4%,6.42,Mexico,computador
EST00803,Visualización de Datos,13-08-2025,17.8,79.4%,6.43,ECU,Movil
EST00907,Visualización de Datos,12/02/2025,20.1,,6.88,ecuador,Tablet
EST00184,Machine Learning Básico,02/24/2025,15.7,81.5%,6.91,colombia,Tablet
EST00889,Visualización de Datos,28-07-2025,13.1,100%,4.36,ecuador,Movil
EST00368,Excel Avanzado,25/02/2025,19.0,68.2%,6.96,Ecuador,Movil
EST00581,Python para Datos,05/10/2025,7.9,78.8%,8.46,MEX,Computador
EST00719,Visualización de Datos,2025-07-20,8.4,65.3%,8.33, Ecuador,Computador
EST00343,Excel Avanzado,13-03-2025,8.6,79.6%,9.71,Peru,computador
EST00307,Visualización de Datos,01/04/2025,5.3,72.3%,5.91,ECUADOR,Computador
EST00218,Excel Avanzado,2025-08-06,17.2,,9.3,COL,MOVIL
EST00990,SQL Fundamentals,14/03/2025,19.4,65.1%,,chile,computador
EST00038,Python para Datos,04/12/2025,18.9,64.0%,5.74,Mexico,MOVIL
EST00314,Machine Learning Básico,2025-08-22,14.3,67.5%,6.12,Perú,Computador
EST00911,Visualización de Datos,13/10/2025,6.5,10.2%,6.33,Perú,MOVIL
EST00189,Machine Learning Básico,14-04-2025,12.8,65.7%,6.99,Mexico,Movil
EST00332,Machine Learning Básico,02/07/2025,15.0,55.8%,8.0, peru,Movil
EST00037,Estadística Aplicada,,,61.7%,7.51,,Movil
EST00736,Estadística Aplicada,23-07-2025,16.0,95.2%,8.45,ECU,Tablet
EST00539,Estadística Aplicada,08/03/2025,16.4,73.4%,8.09,ecuador,MOVIL
EST00925,Estadística Aplicada,09/24/2025,21.1,68.0%,8.64,COL,MOVIL
EST00643,SQL Fundamentals,22-05-2025,18.3,75.2%,4.91, Ecuador,Computador
EST00404,Estadística Aplicada,2025-09-16,19.7,90.8%,9.67,México,tablet
EST00697,SQL Fundamentals,18/06/2025,13.1,60.6%,7.45,ECUADOR,MOVIL
EST00922,SQL Fundamentals,25-08-2025,198.7,35.6%,8.07,CHILE,computador
EST00234,Estadística Aplicada,2025-12-02,15.1,97.4%,7.55,ECUADOR,Tablet
EST00103,Excel Avanzado,08-09-2025,14.5,49.9%,5.45,ECU,movil
EST00454,Estadística Aplicada,01/05/2025,14.3,82.0%,9.07,mexico,movil
EST00652,Estadística Aplicada,2025-07-03,,76.6%,5.76,Perú,tablet
EST00014,Python para Datos,2025-10-27,18.0,78.8%,6.36,MEX,Movil
EST00066,Python para Datos,27/06/2025,20.1,81.3%,8.6,MEX,movil
EST00559,Excel Avanzado,03/09/2025,23.5,46.3%,5.64,Colombia,MOVIL
EST00434,Estadística Aplicada,2025-12-05,18.0,,6.87,COLOMBIA,Computador
EST00164,Visualización de Datos,09-12-2025,12.4,30.9%,5.75,peru,movil
EST00264,Excel Avanzado,01/07/2025,21.7,72.2%,4.91,Ecuador,MOVIL
EST00232,Excel Avanzado,2025-10-12,14.7,48.3%,7.99,ECUADOR,Computador
EST00462,SQL Fundamentals,10-05-2025,216.8,86.6%,6.19,ECU,Tablet
EST00236,Excel Avanzado,14/10/2025,7.0,100%,8.24,MEX,Movil
EST00416,SQL Fundamentals,05/25/2025,7.3,54.1%,4.02,Ecuador,Computador
EST00176,Python para Datos,29-10-2025,8.0,92.4%,6.27,COLOMBIA,MOVIL
EST00782,Estadística Aplicada,2025-06-09,10.2,88.2%,6.72,MEX,computador
EST00989,SQL Fundamentals,2025-02-19,18.5,29.7%,8.78,ecuador,Computador
EST00303,Visualización de Datos,2025-10-09,12.7,33.7%,7.58,Mexico,movil
EST00072,SQL Fundamentals,2025-06-06,5.4,73.8%,7.79,ECUADOR,Computador
EST00169,SQL Fundamentals,2025-04-07,20.9,93.7%,7.79,PER,Movil
EST00456,Estadística Aplicada,08/12/2025,21.5,62.6%,3.71,COL,computador
EST00090,Visualización de Datos,2025-10-22,15.5,63.9%,6.74,ECUADOR,movil
EST00118,Machine Learning Básico,07-11-2025,8.3,75.5%,4.76, Ecuador,
EST00322,SQL Fundamentals,11/28/2025,28.6,66.4%,5.24,ecuador,MOVIL
EST00463,Machine Learning Básico,01/28/2025,18.3,67.9%,6.74,CHI,Tablet
EST00717,Machine Learning Básico,12/10/2025,29.5,38.6%,3.64,Colombia,MOVIL
EST00460,Machine Learning Básico,28-08-2025,15.1,76.1%,4.43,México,Movil
EST00706,Excel Avanzado,05/12/2025,18.5,37.9%,6.48,CHI,MOVIL
EST00582,Excel Avanzado,,4.4,68.5%,7.94,CHI,movil
EST00062,Excel Avanzado,2025-12-16,11.9,77.8%,5.95,Ecuador,Movil
EST00757,Estadística Aplicada,2025-09-17,,63.6%,5.42,Peru,MOVIL
EST00187,Excel Avanzado,27/08/2025,8.7,66.0%,6.59,ECU,Movil
EST00620,Visualización de Datos,27-12-2025,26.3,63.5%,7.64,colombia,movil
EST00402,Estadística Aplicada,05/01/2025,10.1,,7.14,Ecuador,computador
EST00233,Visualización de Datos,24/07/2025,18.6,94.0%,6.44,MEX,Tablet
EST00563,Visualización de Datos,05/18/2025,16.2,80.4%,8.9,ECU,Movil
EST00721,Machine Learning Básico,24/09/2025,21.6,69.2%,8.8,ecuador,Movil
EST00073,Estadística Aplicada,18-04-2025,6.5,66.1%,6.29,Colombia,Movil
EST00468,Excel Avanzado,20/04/2025,23.6,72.2%,7.07,Perú,computador
EST00523,Estadística Aplicada,07/11/2025,13.0,35.6%,7.95,PER,Computador
EST00271,SQL Fundamentals,06/02/2025,12.7,74.0%,7.84,México,tablet
EST00112,Visualización de Datos,19/06/2025,11.2,80.3%,7.67,ecuador,Movil
EST00870,Machine Learning Básico,2025-01-09,19.5,,4.38,MEX,MOVIL
EST00891,Machine Learning Básico,07/10/2025,18.6,75.2%,5.69,ECUADOR,MOVIL
EST00875,Estadística Aplicada,22-06-2025,13.6,48.0%,5.04,Ecuador,MOVIL
EST00227,Machine Learning Básico,03/04/2025,15.2,77.4%,9.33,COLOMBIA,computador
EST00330,Excel Avanzado,27/07/2025,13.2,66.8%,4.12,ECUADOR,computador
EST00464,Excel Avanzado,,9.8,77.3%,7.95,ECU,computador
EST00596,Machine Learning Básico,07-06-2025,21.9,36.9%,8.45,PER,computador
EST00756,Python para Datos,2025-03-09,14.5,58.9%,6.68,MEX,MOVIL
EST00196,Visualización de Datos,04/16/2025,200.4,74.1%,9.17,Ecuador,Movil
EST00337,Excel Avanzado,2025-06-04,15.1,35.1%,5.03,Colombia,Tablet
EST00366,Python para Datos,26/09/2025,11.0,70.0%,4.89,México,Computador
EST00940,Excel Avanzado,27-10-2025,15.1,,6.52,mexico,Computador
EST00029,Excel Avanzado,23-11-2025,16.7,67.6%,8.47,COLOMBIA,
EST00817,Python para Datos,2025-11-15,16.3,63.9%,8.63,ECUADOR,Movil
EST00624,SQL Fundamentals,,5.9,79.2%,9.51,Colombia,Computador
EST00521,SQL Fundamentals,19/12/2025,11.3,84.5%,6.77,ECU,Computador
EST00730,Visualización de Datos,03/07/2025,13.5,37.6%,5.79,colombia,computador
EST00138,Machine Learning Básico,12-01-2025,278.0,100%,7.77,COLOMBIA,movil
EST00964,SQL Fundamentals,10/13/2025,18.0,45.3%,6.84,Peru,Movil
EST00061,Visualización de Datos,15/04/2025,,79.6%,4.64,ECU,computador
EST00478,SQL Fundamentals,26/07/2025,12.6,51.4%,6.99,CHILE,computador
EST00527,Python para Datos,05/01/2025,16.8,80.0%,8.71,ECUADOR,Computador
EST00394,Visualización de Datos,06/04/2025,18.6,48.8%,8.02,ECU,
EST00383,Estadística Aplicada,04/25/2025,15.6,82.4%,5.79,COLOMBIA,computador
EST00222,Python para Datos,07/11/2025,16.8,55.2%,6.72,mexico,movil
EST00726,Estadística Aplicada,03/29/2025,10.0,91.8%,7.78,ECU,computador
EST00710,Machine Learning Básico,2025-02-17,12.1,39.4%,7.6,Perú,movil
EST00912,Excel Avanzado,11/24/2025,18.4,50.8%,7.88,COLOMBIA,MOVIL
EST00329,Visualización de Datos,20-03-2025,14.1,56.1%,6.94,chile,movil
EST00013,Machine Learning Básico,10/06/2025,12.2,61.2%,5.09, Ecuador,movil
EST00100,Estadística Aplicada,07/03/2025,21.9,49.3%,4.47,CHILE,MOVIL
EST00984,Excel Avanzado,10-11-2025,11.3,82.9%,, peru,MOVIL
EST00207,Estadística Aplicada,25/01/2025,25.6,60.1%,3.85,PER,movil
EST00104,Visualización de Datos,07/11/2025,9.7,71.7%,7.08,COL,computador
EST00310,Excel Avanzado,07-05-2025,5.6,54.4%,5.13,MEX,Movil
EST00549,Machine Learning Básico,2025-06-10,7.7,81.4%,6.5,,MOVIL
EST00181,Visualización de Datos,27/04/2025,17.8,69.6%,8.1, Ecuador,movil
EST00651,Python para Datos,08/22/2025,10.5,85.7%,,Colombia,computador
EST00498,Machine Learning Básico,25-04-2025,16.1,57.6%,5.64,ECU,Computador
EST00317,Estadística Aplicada,14-01-2025,14.5,60.7%,4.84,COLOMBIA,computador
EST00142,Machine Learning Básico,20-03-2025,15.5,39.4%,9.52,COL,MOVIL
EST00707,Machine Learning Básico,27/01/2025,3.8,65.2%,6.39,,tablet
EST00300,Visualización de Datos,2025-08-14,20.8,60.9%,4.79,México,Movil
EST00759,Excel Avanzado,10/21/2025,13.7,57.4%,9.13,colombia,Computador
EST00211,Excel Avanzado,21-03-2025,21.1,68.7%,8.44,Mexico,Tablet
EST00143,Visualización de Datos,28/10/2025,16.5,65.2%,7.3, Ecuador,Computador
EST00515,Visualización de Datos,01/04/2025,,,8.17,colombia,computador
EST00363,Visualización de Datos,2025-04-01,10.3,69.0%,5.85,peru,Computador
EST00005,Estadística Aplicada,25-01-2025,14.1,58.0%,7.8,,Computador
EST00045,Python para Datos,09/02/2025,11.8,87.5%,6.86,peru,MOVIL
EST00282,Machine Learning Básico,20/07/2025,9.4,59.8%,8.26,ecuador,computador
EST00203,Estadística Aplicada,22-09-2025,18.1,79.0%,4.97,Perú,MOVIL
EST00606,Machine Learning Básico,04-01-2025,18.1,79.1%,5.49, peru,Computador
EST00359,Python para Datos,08/09/2025,13.4,50.3%,7.73,Chile,tablet
EST00786,Visualización de Datos,15/07/2025,14.2,56.2%,4.64,COL,movil
EST00372,Excel Avanzado,2025-05-27,19.4,84.9%,5.51,Perú,Computador
EST00800,Visualización de Datos,12/19/2025,20.8,61.4%,6.79,CHI,Computador
EST00638,SQL Fundamentals,07/01/2025,12.0,84.5%,8.97,Perú,Computador
EST00238,Python para Datos,2025-02-28,11.0,45.7%,7.08,CHI,tablet
EST00668,Excel Avanzado,10/08/2025,25.0,52.1%,6.59,México,computador
EST00274,Machine Learning Básico,23-02-2025,12.9,71.5%,5.27,Ecuador,movil
EST00857,Visualización de Datos,24/10/2025,16.7,72.6%,8.2,MEX,movil
EST00195,Python para Datos,05/10/2025,15.7,61.9%,9.18,CHILE,Movil
EST00514,Python para Datos,2025-06-07,11.6,,6.37,México,computador
EST00849,Excel Avanzado,11-07-2025,4.4,47.1%,5.23,ECUADOR,movil
EST00556,Visualización de Datos,30-07-2025,17.1,74.7%,7.21,Colombia,
EST00210,Machine Learning Básico,05/30/2025,11.7,78.8%,7.71,COL,movil
EST00163,Machine Learning Básico,02/10/2025,20.7,41.6%,5.36,Perú,Movil
EST00718,Python para Datos,2025-11-07,13.1,69.4%,7.59,mexico,Computador
EST00616,Visualización de Datos,07/22/2025,239.4,69.3%,5.61,Ecuador,computador
EST00088,Estadística Aplicada,08/05/2025,12.6,68.7%,7.93,México,computador
EST00970,Python para Datos,2025-06-20,23.8,64.2%,,COLOMBIA,computador
EST00655,Machine Learning Básico,19/04/2025,17.2,64.1%,,ECU,computador
EST00191,Machine Learning Básico,22/12/2025,20.9,81.1%,8.02,ecuador,Computador
EST00179,Machine Learning Básico,21/08/2025,15.2,62.9%,,Perú,tablet
EST00557,Machine Learning Básico,05/01/2025,10.0,90.2%,6.82,Ecuador,movil
EST00609,SQL Fundamentals,01/28/2025,16.0,83.2%,7.43,México,MOVIL
EST00393,Excel Avanzado,07/25/2025,15.8,79.6%,5.73,Peru,MOVIL
EST00734,Python para Datos,2025-10-06,28.4,58.8%,6.52,COLOMBIA,Tablet
EST00604,SQL Fundamentals,2025-05-01,,73.8%,6.91,Perú,tablet
EST00981,Machine Learning Básico,12/06/2025,14.7,62.3%,6.25,Peru,computador
EST00754,Excel Avanzado,09/29/2025,10.1,87.5%,8.46,CHILE,computador
EST00512,Excel Avanzado,20-03-2025,11.1,84.4%,, Ecuador,tablet
EST00723,Excel Avanzado,23-01-2025,19.2,64.0%,8.96, Ecuador,computador
EST00440,Estadística Aplicada,2025-02-08,12.9,54.3%,5.65,COL,computador
EST00472,Visualización de Datos,01/04/2025,,63.3%,7.51,ecuador,Movil
EST00399,Python para Datos,09/14/2025,3.8,30.2%,7.03,,Computador
EST00815,SQL Fundamentals,27/03/2025,23.4,49.6%,6.63,mexico,movil
EST00036,Python para Datos,09/29/2025,23.8,93.1%,5.66,Peru,
EST00750,Excel Avanzado,2025-09-12,10.4,76.0%,4.35,colombia,MOVIL
EST00790,Python para Datos,09/17/2025,17.0,,,Perú,Computador
EST00044,Estadística Aplicada,2025-08-30,10.6,22.1%,6.76, Ecuador,Movil
EST00262,Estadística Aplicada,08-03-2025,18.9,59.6%,5.61, Ecuador,Computador
EST00601,Machine Learning Básico,2025-03-14,10.4,,8.15,colombia,tablet
EST00430,Visualización de Datos,06/20/2025,7.9,68.0%,7.49,COLOMBIA,computador
EST00229,SQL Fundamentals,03/08/2025,4.2,33.8%,8.45,Ecuador,movil
EST00006,Excel Avanzado,12/20/2025,17.5,100%,6.39,ecuador,movil
EST00708,Visualización de Datos,05/02/2025,19.3,97.9%,4.43,ECU,
EST00866,Excel Avanzado,27/01/2025,16.5,58.6%,5.41,ECUADOR,movil
EST00319,Excel Avanzado,03/06/2025,23.9,38.8%,8.01,COL,Tablet
EST00935,Estadística Aplicada,01/20/2025,10.1,57.4%,6.61,Ecuador,tablet
EST00313,Visualización de Datos,23-01-2025,21.1,53.4%,3.59,MEX,
EST00076,Python para Datos,2025-11-28,14.3,25.1%,5.06,peru,Computador
EST00174,SQL Fundamentals,01-01-2025,17.9,70.8%,6.47,México,Tablet
EST00894,SQL Fundamentals,09/14/2025,18.5,43.0%,6.19,,
EST00052,SQL Fundamentals,12/12/2025,10.4,70.2%,5.33,chile,Movil
EST00552,SQL Fundamentals,21/04/2025,15.7,53.7%,6.05,ECU,Movil
EST00842,Machine Learning Básico,10/10/2025,24.3,59.1%,8.14,ecuador,Computador
EST00978,Excel Avanzado,07-09-2025,16.1,67.4%,3.97,COL,Movil
EST00221,Python para Datos,,14.4,51.5%,5.93, Ecuador,computador
EST00509,Excel Avanzado,2025-01-17,18.0,72.7%,7.14,COLOMBIA,Tablet
EST00744,Excel Avanzado,12/01/2025,286.2,86.3%,,Colombia,computador
EST00388,Visualización de Datos,2025-09-27,10.1,64.4%,7.29,PER,MOVIL
EST00094,SQL Fundamentals,10/29/2025,0.5,100%,7.65,ECUADOR,Movil
EST00149,SQL Fundamentals,05/10/2025,14.2,58.6%,22.0,ECU,computador
EST00483,Python para Datos,2025-12-26,18.5,45.6%,5.56,México,movil
EST00905,Excel Avanzado,2025-02-13,19.2,72.4%,6.22,Peru,MOVIL
EST00250,Excel Avanzado,07/14/2025,4.6,57.4%,7.57,Mexico,Computador
EST00341,Estadística Aplicada,05/20/2025,21.1,68.1%,6.69,,tablet
EST00670,Python para Datos,12/16/2025,,77.5%,7.52,Ecuador,Movil
EST00201,SQL Fundamentals,10-02-2025,19.8,51.9%,8.84,CHILE,Movil
EST00092,Visualización de Datos,29/01/2025,17.7,83.7%,15.0,ECUADOR,movil
EST00541,Estadística Aplicada,2025-02-03,8.9,67.3%,7.28,colombia,computador
EST00585,SQL Fundamentals,01/29/2025,10.1,41.4%,6.83,Peru,Movil
EST00443,Visualización de Datos,04/05/2025,12.4,87.7%,10.16,peru,MOVIL
EST00610,Estadística Aplicada,09/09/2025,15.4,59.8%,7.03,colombia,computador
EST00114,Estadística Aplicada,,7.3,69.8%,6.08,ECUADOR,movil
EST00281,Estadística Aplicada,2025-10-05,8.0,45.8%,8.12,COLOMBIA,movil
EST00411,Excel Avanzado,11/08/2025,14.7,44.3%,6.87,ecuador,MOVIL
EST00665,Machine Learning Básico,2025-02-25,14.6,65.9%,5.61,COL,computador
EST00781,SQL Fundamentals,13-12-2025,,55.7%,8.3,MEX,Computador
EST00569,Estadística Aplicada,16/09/2025,14.6,80.2%,7.2,,movil
EST00909,Excel Avanzado,03/23/2025,11.0,70.1%,6.27,ecuador,
EST00985,Visualización de Datos,2025-07-12,13.1,84.8%,8.84,,Computador
EST00336,SQL Fundamentals,26-11-2025,15.5,59.8%,9.22,Ecuador,Tablet
EST00926,Machine Learning Básico,08/08/2025,14.9,57.2%,,PER,Movil
EST00661,Estadística Aplicada,06/27/2025,15.4,32.0%,,México,Tablet
EST00982,Estadística Aplicada,14/05/2025,26.5,70.8%,9.99,Chile,computador
EST00753,Python para Datos,11/01/2025,15.2,76.2%,6.04,ECU,Movil
EST00507,Python para Datos,10/23/2025,18.5,61.7%,6.36,MEX,MOVIL
EST00798,Visualización de Datos,26-08-2025,8.8,81.9%,6.46,ECU,Movil
EST00805,Visualización de Datos,29-12-2025,9.5,70.0%,7.1,ECUADOR,Computador
EST00093,Machine Learning Básico,08/06/2025,6.0,82.9%,5.92,ECU,movil
EST00593,SQL Fundamentals,19/09/2025,20.2,75.9%,8.65,ecuador,Tablet
EST00788,Estadística Aplicada,2025-10-11,13.9,86.9%,5.92,colombia,tablet
EST00784,Machine Learning Básico,03/24/2025,13.6,45.8%,9.11,COL,computador
EST00916,Machine Learning Básico,2025-05-29,,59.0%,5.96, peru,Computador
EST00969,Python para Datos,19/04/2025,17.9,71.8%,10.64,PER,movil
EST00576,Visualización de Datos,03-04-2025,13.6,57.0%,7.56,México,Tablet
EST00574,Machine Learning Básico,05/11/2025,,54.5%,5.31,COLOMBIA,MOVIL
EST00279,Python para Datos,2025-06-21,13.6,56.5%,8.62,ECU,MOVIL
EST00280,Python para Datos,2025-08-12,14.0,77.3%,7.83,PER,Movil
EST00338,Visualización de Datos,2025-05-01,15.2,57.3%,7.99,Chile,tablet
EST00228,Excel Avanzado,12-01-2025,25.1,85.9%,7.1,Ecuador,computador
EST00009,Excel Avanzado,03-11-2025,16.3,69.5%,15.0,Colombia,Movil
EST00086,Machine Learning Básico,05/26/2025,16.9,33.2%,3.89,peru,movil
EST00794,SQL Fundamentals,04/23/2025,24.2,76.5%,5.72,colombia,Tablet
EST00657,Python para Datos,27-11-2025,15.5,71.2%,10.05,peru,movil
EST00776,Visualización de Datos,28/04/2025,23.4,77.0%,7.31,COLOMBIA,Tablet
EST00893,Machine Learning Básico,2025-04-08,6.9,44.2%,6.33,ECUADOR,Computador
EST00097,Machine Learning Básico,15/12/2025,9.7,61.2%,9.11,peru,
EST00342,SQL Fundamentals,2025-01-27,12.8,82.4%,6.16,MEX,
EST00122,Visualización de Datos,02/18/2025,16.1,58.5%,4.46,Ecuador,MOVIL
EST00157,SQL Fundamentals,09/19/2025,,57.8%,6.27,Mexico,Computador
EST00797,Visualización de Datos,09/08/2025,18.1,42.0%,7.13, Ecuador,MOVIL
EST00686,Visualización de Datos,17/02/2025,10.5,77.6%,11.2, Ecuador,Computador
EST00722,Estadística Aplicada,17-10-2025,,67.3%,6.54,ECUADOR,Tablet
EST00634,Python para Datos,14-09-2025,13.6,67.0%,4.88,ECU,Movil
EST00471,Estadística Aplicada,05/05/2025,14.6,48.7%,5.55,Mexico,MOVIL
EST00558,SQL Fundamentals,05/10/2025,16.2,74.7%,7.78,ecuador,Tablet
EST00294,SQL Fundamentals,2025-03-31,13.1,75.2%,7.29,ecuador,MOVIL
EST00960,Machine Learning Básico,10/26/2025,20.1,80.8%,8.23,México,computador
EST00591,SQL Fundamentals,06/28/2025,16.5,46.7%,,colombia,tablet
EST00165,Estadística Aplicada,21-04-2025,12.5,58.8%,8.57,Perú,computador
EST00792,Python para Datos,2025-07-05,15.6,67.3%,5.6,ECU,movil
EST00283,Estadística Aplicada,30/09/2025,23.2,29.4%,5.8,ECU,Computador
EST00365,Machine Learning Básico,2025-02-06,17.4,63.2%,6.2,colombia,MOVIL
EST00311,Estadística Aplicada,2025-05-30,29.2,69.1%,5.31,ECU,MOVIL
EST00511,SQL Fundamentals,19/05/2025,11.9,78.5%,7.84,Chile,computador
EST00180,Excel Avanzado,08/24/2025,8.8,56.8%,4.87,Ecuador,tablet
EST00070,SQL Fundamentals,01/02/2025,20.1,100%,6.69,ECU,Computador
EST00993,Visualización de Datos,02/18/2025,13.4,83.9%,5.2,,MOVIL
EST00953,Visualización de Datos,2025-12-02,9.4,32.0%,6.65,chile,tablet
EST00728,Python para Datos,24-05-2025,,69.7%,9.55,ecuador,MOVIL
EST00095,Visualización de Datos,08/10/2025,5.6,67.0%,,Peru,tablet
EST00059,SQL Fundamentals,2025-04-19,25.5,81.6%,6.56,Peru,MOVIL
EST00939,Visualización de Datos,12/09/2025,23.2,66.6%,5.6,mexico,movil
EST00364,SQL Fundamentals,09/26/2025,17.3,69.6%,8.45, peru,movil
EST00896,Machine Learning Básico,03/02/2025,14.0,76.2%,4.8,Colombia,computador
EST00266,Estadística Aplicada,21-08-2025,13.0,62.9%,6.41,mexico,computador
EST00814,SQL Fundamentals,01/11/2025,14.8,67.0%,5.38,CHILE,Computador
EST00846,Estadística Aplicada,01/26/2025,11.0,98.2%,2.78,CHI,computador
EST00381,Machine Learning Básico,2025-05-21,16.0,80.5%,6.86,,computador
EST00605,Estadística Aplicada,11-08-2025,18.3,83.8%,8.46,mexico,movil
EST00725,SQL Fundamentals,29/08/2025,15.2,49.8%,8.47,COLOMBIA,Tablet
EST00811,Machine Learning Básico,28-12-2025,16.0,61.2%,4.76,Ecuador,Tablet
EST00573,Python para Datos,08/24/2025,14.7,50.5%,,ecuador,Tablet
EST00148,Python para Datos,30-08-2025,9.9,71.9%,7.57,México,MOVIL
EST00252,Machine Learning Básico,02/04/2025,5.4,72.3%,7.83,ecuador,computador
EST00687,Estadística Aplicada,30-04-2025,5.0,50.5%,8.95,COLOMBIA,computador
EST00923,Visualización de Datos,2025-03-21,5.1,65.1%,5.76,,Computador
EST00213,Visualización de Datos,08/26/2025,6.5,57.7%,6.62,colombia,Computador
EST00441,Machine Learning Básico,04/10/2025,4.8,87.2%,,peru,computador
EST00933,Machine Learning Básico,30-03-2025,18.1,86.5%,10.47,MEX,Movil
EST00331,Machine Learning Básico,2025-12-10,15.2,25.9%,4.04,MEX,
EST00827,Visualización de Datos,2025-07-22,,81.2%,6.76, Ecuador,computador
EST00277,SQL Fundamentals,14/05/2025,18.3,25.1%,4.48,ECUADOR,MOVIL
EST00847,SQL Fundamentals,05/19/2025,18.5,64.2%,7.1,México,computador
EST00833,Estadística Aplicada,20-07-2025,15.1,58.9%,8.86,mexico,Movil
EST00708,Visualización de Datos,05/02/2025,19.3,97.9%,4.43,ECU,
EST00243,Estadística Aplicada,15/10/2025,16.4,70.9%,4.62, peru,movil
EST00449,SQL Fundamentals,2025-04-11,21.0,28.2%,4.13,COLOMBIA,computador
EST00386,SQL Fundamentals,2025-12-23,18.0,69.0%,7.73,ecuador,Movil
EST00747,Visualización de Datos,14-03-2025,0.5,57.1%,6.24,Perú,computador
EST00525,Machine Learning Básico,13/05/2025,18.4,51.4%,5.39,ecuador,movil
EST00304,Python para Datos,26-09-2025,19.5,100%,5.35,colombia,movil
EST00488,Estadística Aplicada,08/07/2025,14.9,78.8%,9.15,CHI,MOVIL
EST00841,Estadística Aplicada,20-11-2025,18.0,30.9%,6.31,Colombia,Computador
EST00171,SQL Fundamentals,03/31/2025,26.3,73.3%,6.65,ECU,Computador
EST00020,Visualización de Datos,09/26/2025,9.3,81.8%,4.41,,Computador
EST00325,Estadística Aplicada,16-07-2025,21.7,38.1%,7.32,COL,Computador
EST00261,SQL Fundamentals,2025-06-03,23.4,46.8%,8.24,colombia,Computador
EST00948,SQL Fundamentals,09/01/2025,27.7,30.2%,6.0,Ecuador,Computador
EST00410,Machine Learning Básico,08/02/2025,20.7,52.6%,4.63, Ecuador,Movil
EST00401,Estadística Aplicada,27/04/2025,15.2,27.9%,6.73,Mexico,MOVIL
EST00340,SQL Fundamentals,27/08/2025,21.3,37.1%,7.98,CHI,MOVIL
EST00055,Python para Datos,12/23/2025,13.5,94.4%,3.15,Mexico,Movil
EST00944,SQL Fundamentals,2025-11-15,19.0,52.1%,7.74,ECU,computador
EST00151,Visualización de Datos,10/17/2025,16.5,42.2%,6.28,chile,Tablet
EST00779,SQL Fundamentals,2025-12-12,23.8,,7.72,colombia,MOVIL
EST00932,Estadística Aplicada,08-01-2025,6.4,71.1%,7.72,COL,Computador
EST00760,Python para Datos,13-11-2025,15.6,62.7%,4.4, peru,tablet
EST00746,Machine Learning Básico,07/10/2025,13.7,61.8%,9.12,PER,MOVIL
EST00107,Python para Datos,20-10-2025,22.5,72.3%,3.39,mexico,computador
EST00768,Machine Learning Básico,30-12-2025,27.7,81.4%,7.86,ECU,Movil
EST00025,Python para Datos,02/08/2025,13.7,44.7%,7.47,CHI,Movil
EST00974,Excel Avanzado,03/16/2025,23.0,,8.04,peru,MOVIL
EST00534,Excel Avanzado,12-03-2025,8.9,50.6%,7.34,COLOMBIA,MOVIL
EST00864,Machine Learning Básico,05/27/2025,9.7,97.7%,8.3,COLOMBIA,MOVIL
EST00083,Visualización de Datos,23-12-2025,22.9,35.5%,8.6,MEX,computador
EST00895,Machine Learning Básico,08/21/2025,13.3,58.0%,7.34,México,computador
EST00915,Excel Avanzado,05-07-2025,10.9,86.5%,6.49,Ecuador,movil
EST00614,Python para Datos,11/10/2025,9.5,73.4%,8.24,ecuador,Computador
EST00380,Machine Learning Básico,2025-06-02,2.1,73.1%,7.58,Chile,computador
EST00077,Python para Datos,14/01/2025,1.0,80.0%,6.57,ECUADOR,Computador
EST00389,Estadística Aplicada,07/02/2025,11.9,86.4%,7.15, Ecuador,Tablet
EST00407,Python para Datos,17/08/2025,15.9,100%,7.42,Colombia,MOVIL
EST00292,Visualización de Datos,10-03-2025,10.6,74.1%,7.48, Ecuador,Computador
EST00716,SQL Fundamentals,02/04/2025,29.7,44.0%,5.44, Ecuador,computador
EST00111,Visualización de Datos,11/09/2025,4.4,53.4%,8.91,colombia,computador
EST00625,Python para Datos,13/08/2025,278.4,24.6%,7.19,COLOMBIA,movil
EST00886,Excel Avanzado,2025-08-27,10.1,50.3%,3.98,colombia,Computador
EST00818,Machine Learning Básico,10/24/2025,20.9,64.8%,6.53,Peru,Computador
EST00247,SQL Fundamentals,06/24/2025,,83.3%,6.84,,MOVIL
EST00146,Estadística Aplicada,28-12-2025,8.5,50.1%,,COLOMBIA,Tablet
EST00129,Excel Avanzado,12/08/2025,10.0,18.6%,5.55,ecuador,Tablet
EST00904,Visualización de Datos,2025-10-08,18.2,51.6%,7.39,Mexico,MOVIL
EST00623,Python para Datos,21-10-2025,12.0,81.5%,5.93,Peru,MOVIL
EST00682,Python para Datos,19-01-2025,16.7,78.9%,8.4,colombia,Computador
EST00803,Visualización de Datos,13-08-2025,17.8,79.4%,6.43,ECU,Movil
EST00487,Visualización de Datos,01/05/2025,12.9,56.5%,7.18,ECUADOR,Computador
EST00966,Visualización de Datos,06/18/2025,18.5,28.1%,7.18,ECU,MOVIL
EST00091,Excel Avanzado,09/26/2025,17.6,78.3%,8.63,Perú,Tablet
EST00206,SQL Fundamentals,13-04-2025,,60.3%,6.72,ECU,computador
EST00493,SQL Fundamentals,21/09/2025,20.7,67.9%,7.59, Ecuador,Tablet
EST00171,SQL Fundamentals,03/31/2025,26.3,73.3%,6.65,ECU,Computador
EST00977,Machine Learning Básico,08/22/2025,8.6,82.8%,7.47, peru,Computador
EST00931,Estadística Aplicada,22-08-2025,13.7,91.1%,5.54,,Tablet
EST00057,Estadística Aplicada,21/08/2025,5.8,,,ecuador,computador
EST00405,Machine Learning Básico,2025-06-06,15.1,63.0%,6.03,COLOMBIA,computador
EST00242,Machine Learning Básico,2025-11-01,6.1,49.8%,6.16,chile,Movil
EST00600,SQL Fundamentals,07-02-2025,,26.7%,5.3,,computador
EST00347,SQL Fundamentals,11-11-2025,5.7,56.0%,5.39,Colombia,movil
EST00098,Python para Datos,2025-07-22,23.7,70.2%,9.35,COL,
EST00117,Estadística Aplicada,11-10-2025,12.6,58.8%,6.57,chile,movil
EST00202,Python para Datos,,,87.6%,7.92,ECU,Computador
EST00943,Python para Datos,28-08-2025,7.2,63.3%,7.07,ECU,Computador
EST00480,SQL Fundamentals,2025-04-10,11.7,92.1%,9.2,ecuador,
EST00324,Excel Avanzado,09/06/2025,9.5,56.0%,7.11,COL,tablet
EST00194,Estadística Aplicada,26/03/2025,29.7,94.4%,7.22, peru,MOVIL
EST00961,Estadística Aplicada,2025-08-05,34.4,71.5%,5.69,Ecuador,computador
EST00444,Python para Datos,19/05/2025,25.9,85.6%,5.47,mexico,Movil
EST00726,Estadística Aplicada,03/29/2025,10.0,91.8%,7.78,ECU,computador
EST00862,Visualización de Datos,2025-12-09,4.1,79.5%,7.86,Ecuador,Computador
EST00455,Machine Learning Básico,05-01-2025,16.4,81.3%,5.95,ECUADOR,computador
EST00529,Visualización de Datos,02/25/2025,187.2,52.2%,6.01,COLOMBIA,Computador
EST00852,Excel Avanzado,27-12-2025,14.6,68.4%,6.65,,movil
EST00551,Estadística Aplicada,2025-10-24,21.4,79.8%,10.54,Peru,Tablet
EST00865,Machine Learning Básico,2025-11-19,15.9,,6.92,ECU,computador
EST00069,Excel Avanzado,02/23/2025,10.1,81.9%,7.02,,Computador
EST00425,Visualización de Datos,09-07-2025,18.1,94.4%,7.25, Ecuador,MOVIL
EST00297,Machine Learning Básico,,15.3,88.5%,7.29,Mexico,Computador
EST00738,Estadística Aplicada,07/02/2025,9.2,77.7%,6.75,Mexico,MOVIL
EST00951,Excel Avanzado,18/02/2025,18.1,76.4%,9.12,CHILE,Computador
EST00602,Excel Avanzado,30-06-2025,22.8,85.2%,4.96,Peru,computador
EST00871,Python para Datos,01-12-2025,18.0,100%,6.09,Colombia,MOVIL
EST00396,Estadística Aplicada,2025-12-02,31.9,50.2%,6.08, Ecuador,computador
EST00427,Visualización de Datos,05-11-2025,31.6,86.0%,8.27,Mexico,computador
EST00867,Machine Learning Básico,13-02-2025,14.1,,3.64,Ecuador,Computador
EST00560,Visualización de Datos,16/08/2025,8.2,55.5%,5.99,colombia,computador
EST00526,SQL Fundamentals,27/08/2025,1.5,,5.75,COL,Tablet
EST00026,Estadística Aplicada,11/04/2025,32.5,45.2%,3.8,ECUADOR,Computador
EST00015,Machine Learning Básico,22-01-2025,18.8,74.1%,6.01,ECUADOR,MOVIL
EST00253,Python para Datos,12/18/2025,23.8,7.7%,6.52, Ecuador,movil
EST00239,Machine Learning Básico,12/02/2025,18.7,60.0%,3.28,ECUADOR,computador
EST00121,Machine Learning Básico,06/05/2025,25.0,76.7%,7.48,ECUADOR,Movil
EST00286,Excel Avanzado,31-10-2025,12.6,48.7%,5.28, peru,computador
EST00555,Visualización de Datos,06/19/2025,6.9,70.5%,6.85,peru,tablet
EST00197,Python para Datos,2025-11-10,13.8,60.4%,4.61, Ecuador,computador
EST00346,SQL Fundamentals,2025-06-09,21.1,42.3%,3.77,ECUADOR,movil
EST00546,Python para Datos,17-03-2025,24.3,70.2%,5.02,Perú,computador
EST00251,SQL Fundamentals,14/03/2025,22.5,34.7%,8.24,MEX,MOVIL
EST00992,SQL Fundamentals,15/05/2025,11.8,92.2%,4.54,Peru,movil
EST00646,Estadística Aplicada,02/07/2025,5.5,96.4%,7.58,ecuador,computador
EST00879,Python para Datos,2025-11-14,17.1,74.0%,6.33,CHI,movil
EST00413,Visualización de Datos,26-06-2025,18.3,49.3%,7.21,Mexico,Movil
EST00486,Machine Learning Básico,2025-05-28,9.3,74.0%,5.49,PER,Computador
EST00431,Excel Avanzado,21/11/2025,24.4,45.0%,,ecuador,computador
EST00838,Visualización de Datos,02/21/2025,24.9,38.1%,7.47,COL,Movil
EST00812,Machine Learning Básico,20/07/2025,5.1,72.6%,9.86,ecuador,Computador
EST00291,Estadística Aplicada,28/03/2025,9.1,37.3%,4.89,ECU,computador
EST00017,Excel Avanzado,02/02/2025,17.7,63.0%,6.37,México,Movil
EST00159,Excel Avanzado,18/05/2025,19.0,36.2%,6.91,COL,Tablet
EST00244,Machine Learning Básico,2025-08-14,19.5,43.5%,8.31, Ecuador,Computador
EST00067,Python para Datos,28/08/2025,16.4,47.7%,6.78,COL,computador
EST00983,Estadística Aplicada,17-06-2025,15.0,80.0%,7.46,COL,
EST00360,Python para Datos,28-06-2025,14.5,80.9%,6.65,colombia,computador
EST00025,Python para Datos,02/08/2025,13.7,44.7%,7.47,CHI,Movil
EST00632,Estadística Aplicada,19/05/2025,20.9,64.2%,4.63,Peru,Tablet
EST00505,SQL Fundamentals,06-08-2025,10.8,54.3%,8.33,MEX,MOVIL
EST00473,Visualización de Datos,2025-10-27,21.0,93.2%,7.46,chile,tablet
EST00777,Visualización de Datos,25/01/2025,14.5,65.6%,5.73,Perú,Movil
EST00578,Estadística Aplicada,19/06/2025,14.2,49.5%,11.01,Chile,computador
EST00278,Excel Avanzado,2025-02-17,10.7,,4.1,chile,computador
EST00522,Machine Learning Básico,03-04-2025,16.5,96.5%,6.91,ecuador,tablet
EST00929,Machine Learning Básico,2025-02-13,26.5,89.8%,7.06,ECU,tablet
EST00531,Python para Datos,2025-02-06,6.6,54.3%,6.39,Perú,MOVIL
EST00409,Visualización de Datos,03/10/2025,14.5,,8.84, Ecuador,tablet
EST00666,Excel Avanzado,2025-05-19,19.4,51.9%,6.81, Ecuador,computador
EST00927,SQL Fundamentals,30-03-2025,19.8,60.6%,6.56,COL,Computador
EST00433,Visualización de Datos,27/06/2025,8.4,62.7%,9.39,ECU,MOVIL
EST00432,Machine Learning Básico,01/12/2025,23.9,57.2%,5.68,COLOMBIA,tablet
EST00485,Estadística Aplicada,21-11-2025,3.6,48.5%,6.97,Mexico,computador
EST00152,Estadística Aplicada,12/01/2025,16.9,22.7%,4.21,ECUADOR,MOVIL
EST00328,Estadística Aplicada,29-06-2025,214.8,59.0%,4.22, Ecuador,computador
EST00257,SQL Fundamentals,2025-01-15,13.1,55.2%,6.13,México,movil
EST00312,Visualización de Datos,11-10-2025,15.8,69.7%,9.85,Mexico,Movil
EST00851,Python para Datos,19-08-2025,11.3,64.6%,6.94,chile,Tablet
EST00305,Visualización de Datos,08/28/2025,22.1,69.5%,7.0,ecuador,
EST00785,SQL Fundamentals,10/01/2025,19.8,56.8%,9.54,ecuador,movil
EST00414,Visualización de Datos,10/05/2025,19.7,60.7%,4.23,COLOMBIA,Movil
EST00134,Estadística Aplicada,28-06-2025,21.8,35.1%,5.62,ecuador,Tablet
EST00032,SQL Fundamentals,27/12/2025,17.7,40.5%,,COL,Computador
EST00766,Python para Datos,30-12-2025,17.0,49.3%,-2.0,ecuador,Computador
EST00783,Visualización de Datos,2025-02-23,8.5,100%,7.59,ecuador,Computador
EST00459,Python para Datos,08/13/2025,11.4,69.3%,8.21,Mexico,Computador
EST00162,Estadística Aplicada,11/18/2025,14.9,62.9%,6.96,peru,Computador
EST00340,SQL Fundamentals,27/08/2025,21.3,37.1%,7.98,CHI,MOVIL
EST00287,Machine Learning Básico,2025-12-16,,79.6%,4.62,mexico,Movil
EST00249,Machine Learning Básico,2025-09-20,12.0,59.9%,6.43,mexico,Tablet
EST00998,Excel Avanzado,01/07/2025,10.8,64.3%,8.94,colombia,Computador
EST00580,Python para Datos,2025-03-30,11.1,,,ecuador,computador
EST00888,Excel Avanzado,18/09/2025,14.7,83.0%,7.95,México,tablet
EST00849,Excel Avanzado,11-07-2025,4.4,47.1%,5.23,ECUADOR,movil
EST00995,Python para Datos,05-04-2025,28.7,71.3%,5.37,CHILE,movil
EST00002,Excel Avanzado,09/10/2025,15.8,,5.72, peru,movil
EST00737,Machine Learning Básico,08/10/2025,16.2,37.9%,4.69,Ecuador,MOVIL
EST00208,Excel Avanzado,21-07-2025,10.9,61.7%,8.93,CHI,Movil
EST00630,Estadística Aplicada,12/26/2025,11.1,59.3%,9.89,CHILE,Movil
EST00991,Visualización de Datos,2025-06-24,,75.1%,8.17,peru,MOVIL
EST00903,Excel Avanzado,2025-04-26,16.9,86.1%,8.03,ECU,Computador
EST00913,Python para Datos,2025-08-23,4.7,36.2%,7.63,MEX,Computador
EST00265,Excel Avanzado,19/09/2025,16.7,95.3%,6.54,MEX,movil
EST00275,SQL Fundamentals,03/17/2025,11.6,91.5%,,Perú,movil
EST00071,Excel Avanzado,19-09-2025,24.6,67.2%,8.96,COLOMBIA,MOVIL
EST00641,Machine Learning Básico,09/23/2025,21.5,76.9%,6.63,Mexico,Tablet
EST00445,Visualización de Datos,03/07/2025,13.5,45.3%,7.41,ECUADOR,computador
EST00899,Estadística Aplicada,04/29/2025,22.4,45.8%,22.0,Chile,Computador
EST00099,Estadística Aplicada,22/04/2025,12.3,33.7%,7.96,mexico,
EST00980,Machine Learning Básico,23-01-2025,16.8,48.5%,6.99,,Computador
EST00022,Machine Learning Básico,08/30/2025,15.1,60.2%,5.46,ECU,Tablet
EST00706,Excel Avanzado,05/12/2025,18.5,37.9%,6.48,CHI,MOVIL
EST00415,SQL Fundamentals,09/05/2025,17.5,77.6%,8.36,COL,Tablet
EST00518,Machine Learning Básico,24/09/2025,,45.1%,7.74,chile,Computador
EST00150,Machine Learning Básico,01/13/2025,16.5,52.4%,7.47,COL,MOVIL
EST00826,Python para Datos,21-03-2025,9.5,59.8%,6.75, peru,Computador
EST00648,SQL Fundamentals,09/05/2025,17.8,83.8%,6.5,COLOMBIA,Movil
EST00355,Excel Avanzado,08/03/2025,,40.4%,3.73, Ecuador,Movil
EST00858,Visualización de Datos,07/01/2025,8.4,67.0%,6.07,mexico,Computador
EST00488,Estadística Aplicada,08/07/2025,14.9,78.8%,9.15,CHI,MOVIL
EST00053,Excel Avanzado,2025-06-01,16.6,30.1%,8.39, Ecuador,movil
EST00840,Visualización de Datos,08/11/2025,12.9,68.0%,8.93,ECUADOR,Computador
EST00199,Python para Datos,2025-02-26,14.1,66.2%,7.17,,movil
EST00123,SQL Fundamentals,03/07/2025,12.9,,4.58,Chile,computador
EST00204,Visualización de Datos,07/12/2025,20.0,59.6%,5.27,CHI,MOVIL
EST00068,Visualización de Datos,16/12/2025,21.0,62.5%,9.22, Ecuador,Movil
EST00224,SQL Fundamentals,2025-03-14,14.7,73.2%,8.17,Ecuador,Computador
EST00128,Excel Avanzado,10/24/2025,12.2,71.3%,6.63,ecuador,movil
EST00656,Excel Avanzado,29/11/2025,16.1,38.2%,7.97,ecuador,computador
EST00839,Estadística Aplicada,03/06/2025,17.2,16.2%,6.28,ecuador,Computador
EST00963,SQL Fundamentals,11/25/2025,7.6,69.8%,7.78,Ecuador,computador
EST00140,Visualización de Datos,08/11/2025,21.8,82.1%,7.96, peru,Computador
EST00418,SQL Fundamentals,03/18/2025,28.7,33.4%,7.67,ecuador,movil
EST00219,Python para Datos,11/22/2025,13.5,100%,9.94,Ecuador,tablet
EST00547,SQL Fundamentals,19-11-2025,23.5,96.7%,7.33,ecuador,computador
EST00843,Machine Learning Básico,2025-06-08,17.0,100%,8.11,colombia,computador
EST00158,Excel Avanzado,04-05-2025,16.7,71.7%,,,Movil
EST00095,Visualización de Datos,08/10/2025,5.6,67.0%,,Peru,tablet
EST00256,Excel Avanzado,06/12/2025,,61.4%,7.86,Colombia,Tablet
EST00570,Estadística Aplicada,10/28/2025,16.4,97.3%,8.17,chile,computador
EST00644,Excel Avanzado,17-04-2025,21.5,62.4%,7.54,Colombia,MOVIL
EST00739,Estadística Aplicada,03/06/2025,,76.9%,5.91,Mexico,MOVIL
EST00040,Visualización de Datos,2025-06-07,17.9,58.4%,8.5,Mexico,Movil
EST00131,Python para Datos,,9.1,76.2%,6.67,ECU,computador
EST00255,Machine Learning Básico,2025-09-21,11.0,54.1%,7.69,ECUADOR,Computador
EST00190,Machine Learning Básico,19-09-2025,16.2,74.7%,6.21,Mexico,Computador
EST00454,Estadística Aplicada,01/05/2025,14.3,82.0%,9.07,mexico,movil
EST00590,SQL Fundamentals,07/18/2025,21.0,,4.51,Colombia,Computador
EST00403,Estadística Aplicada,22/05/2025,21.5,55.9%,7.66,ECU,Movil
EST00761,SQL Fundamentals,22-12-2025,17.3,51.3%,6.16,ecuador,computador
EST00039,Python para Datos,17/02/2025,9.7,83.3%,5.01,chile,movil
EST00243,Estadística Aplicada,15/10/2025,16.4,70.9%,4.62, peru,movil
EST00885,Machine Learning Básico,2025-10-19,22.7,38.7%,,colombia,tablet
EST00354,Machine Learning Básico,15-05-2025,6.9,64.3%,5.26,México,Movil
EST00621,SQL Fundamentals,2025-02-03,5.7,43.5%,4.41,ECUADOR,Movil
EST00651,Python para Datos,08/22/2025,10.5,85.7%,,Colombia,computador
EST00535,Estadística Aplicada,25-01-2025,11.1,83.0%,8.2,ecuador,MOVIL
EST00504,Estadística Aplicada,10/07/2025,7.8,71.6%,8.13,ecuador,MOVIL
EST00160,SQL Fundamentals,06/05/2025,20.0,56.9%,6.12,ECU,Movil
EST00395,Python para Datos,11/22/2025,11.9,91.0%,7.95,mexico,Movil
EST00883,Python para Datos,11/16/2025,14.1,37.4%,6.29,colombia,MOVIL
EST00538,Machine Learning Básico,2025-08-28,24.9,65.5%,6.56,Ecuador,Computador
EST00696,Excel Avanzado,16/11/2025,14.0,43.9%,8.26, Ecuador,MOVIL
EST00241,SQL Fundamentals,22-03-2025,17.4,100%,6.7,ecuador,movil
EST00014,Python para Datos,2025-10-27,18.0,78.8%,6.36,MEX,Movil
EST00658,Machine Learning Básico,09/27/2025,10.2,64.0%,9.02,mexico,Computador
EST00476,Visualización de Datos,25/04/2025,14.5,88.6%,5.65,Peru,Movil
EST00971,Visualización de Datos,12/03/2025,10.1,88.8%,9.27,colombia,computador
EST00938,Machine Learning Básico,09/06/2025,6.5,63.3%,6.23,Ecuador,Computador
EST00315,Python para Datos,2025-10-29,7.0,37.0%,6.01,Perú,Computador
EST00362,Excel Avanzado,2025-06-14,17.9,53.8%,7.05,PER,MOVIL
EST00591,SQL Fundamentals,06/28/2025,16.5,46.7%,,colombia,tablet
EST00321,Machine Learning Básico,2025-08-25,11.1,,,Ecuador,movil
EST00980,Machine Learning Básico,23-01-2025,16.8,48.5%,6.99,,Computador
EST00745,Excel Avanzado,2025-08-31,17.5,,6.86,PER,Movil
EST00673,Excel Avanzado,2025-03-14,4.6,74.8%,7.79, peru,MOVIL
EST00565,SQL Fundamentals,01/01/2025,16.4,55.6%,8.11,Colombia,movil
EST00356,Visualización de Datos,2025-08-14,4.2,46.8%,5.69,COLOMBIA,computador
EST00035,Visualización de Datos,10/09/2025,7.7,,9.59,Colombia,Computador
EST00335,Machine Learning Básico,12/01/2025,19.5,42.7%,7.62,Perú,Computador
EST00689,Estadística Aplicada,17/10/2025,14.1,,4.32,peru,Computador
EST00377,Python para Datos,12/08/2025,16.6,58.8%,6.74,Mexico,Computador
EST00185,Excel Avanzado,20-09-2025,12.5,65.1%,7.51,COL,movil
EST00824,Estadística Aplicada,06/08/2025,2.1,55.0%,4.77,peru,Movil
EST00424,SQL Fundamentals,05/08/2025,17.5,87.8%,7.02,chile,movil
EST00945,Excel Avanzado,19/12/2025,14.7,97.3%,7.27,ecuador,Movil
EST00326,Machine Learning Básico,01-07-2025,23.8,66.9%,3.35,colombia,tablet
EST00188,Estadística Aplicada,2025-04-13,17.0,73.2%,7.92, Ecuador,Movil
EST00942,Python para Datos,25-08-2025,21.5,67.3%,9.38,Chile,Movil
EST00285,Python para Datos,01/22/2025,11.2,80.4%,8.21,ECUADOR,tablet
EST00392,Python para Datos,2025-05-09,10.7,46.1%,8.4,COL,MOVIL
EST00900,Machine Learning Básico,06-11-2025,,43.2%,8.8,COL,computador
EST00161,Estadística Aplicada,04/12/2025,16.7,,7.09,colombia,Movil
EST00166,SQL Fundamentals,2025-07-10,17.9,72.8%,7.15,CHILE,movil
EST00348,Excel Avanzado,2025-03-23,21.4,62.4%,7.93,Ecuador,Computador
EST00299,Estadística Aplicada,06/02/2025,15.9,70.7%,8.63,,computador
EST00536,Machine Learning Básico,19/01/2025,13.1,82.4%,8.77,MEX,
EST00230,Python para Datos,20/05/2025,16.8,52.4%,8.16,,Movil
EST00860,Estadística Aplicada,2025-01-17,21.6,,5.89,ecuador,MOVIL
EST00828,Visualización de Datos,2025-06-12,4.6,80.7%,5.42,ECUADOR,Movil
EST00695,Excel Avanzado,10/02/2025,12.0,96.0%,6.44,Colombia,Computador
EST00856,Excel Avanzado,27/08/2025,26.1,13.8%,6.33,COL,MOVIL
EST00042,Excel Avanzado,02/23/2025,8.5,69.6%,10.78,ECU,
EST00869,Machine Learning Básico,12-08-2025,14.3,63.4%,6.72,,Movil
EST00749,SQL Fundamentals,17-11-2025,4.7,80.1%,10.41,México,Computador
EST00997,Estadística Aplicada,23-10-2025,15.0,79.6%,6.92,ECU,computador
EST00863,Estadística Aplicada,04/18/2025,10.2,73.5%,6.16,ECUADOR,Computador
EST00588,Estadística Aplicada,13/01/2025,21.1,65.8%,6.91,ecuador,Computador
EST00544,Machine Learning Básico,2025-07-30,14.8,67.4%,7.48,ecuador,tablet
EST00447,Visualización de Datos,2025-12-03,30.6,55.8%,8.15,MEX,Tablet
EST00448,Excel Avanzado,2025-09-18,12.6,48.4%,6.38,ecuador,Movil
EST00350,Machine Learning Básico,2025-01-05,18.3,88.8%,2.43,COLOMBIA,computador
EST00046,Machine Learning Básico,10/04/2025,27.8,43.1%,9.76,,computador
EST00813,Machine Learning Básico,10/03/2025,19.9,45.8%,7.5,ECUADOR,movil
EST00880,Excel Avanzado,2025-04-28,15.2,64.7%,,ECU,movil
EST00109,SQL Fundamentals,25-08-2025,16.4,40.6%,7.37, Ecuador,computador
EST00618,Excel Avanzado,2025-05-13,5.8,53.3%,6.99,ECU,Movil
EST00662,Excel Avanzado,2025-03-28,18.9,,6.3,peru,MOVIL
EST00030,Python para Datos,21-12-2025,9.2,100%,5.77, Ecuador,Movil
EST00182,SQL Fundamentals,08/01/2025,6.6,58.9%,6.28,colombia,Tablet
EST00622,Excel Avanzado,2025-10-16,8.7,77.0%,5.64,Ecuador,Computador
EST00420,Excel Avanzado,09/15/2025,12.0,55.2%,5.66,colombia,Computador
EST00635,Python para Datos,26/08/2025,17.9,92.2%,4.16,ecuador,Computador
EST00796,Python para Datos,25/04/2025,12.1,72.2%,5.66,ECUADOR,Computador
EST00105,Excel Avanzado,,19.4,51.9%,7.82,COL,
EST00061,Visualización de Datos,15/04/2025,,79.6%,4.64,ECU,computador
EST00659,Visualización de Datos,18/04/2025,,100%,6.36,Chile,computador
EST00084,Excel Avanzado,2025-06-11,17.3,72.0%,9.93,Ecuador,Computador
EST00491,Visualización de Datos,03-02-2025,6.1,29.9%,6.64, peru,computador
EST00316,Estadística Aplicada,2025-03-03,21.8,46.2%,6.21, Ecuador,movil
EST00451,SQL Fundamentals,2025-11-01,22.9,65.3%,6.31,ECUADOR,computador
EST00382,Visualización de Datos,12/06/2025,17.8,,7.2,COL,movil
EST00423,Estadística Aplicada,2025-12-27,18.0,59.2%,7.61,colombia,tablet
EST00497,Machine Learning Básico,18/01/2025,16.0,43.3%,7.26,ECU,computador
EST00931,Estadística Aplicada,22-08-2025,13.7,91.1%,5.54,,Tablet
EST00740,Machine Learning Básico,29/12/2025,28.2,51.1%,6.74,México,computador
EST00524,Python para Datos,06/22/2025,8.5,75.2%,9.29,mexico,Movil
EST00446,Estadística Aplicada,12/18/2025,15.4,45.6%,8.11, peru,movil
EST00664,Excel Avanzado,2025-01-30,13.4,52.4%,5.67,ECU,tablet
EST00001,Excel Avanzado,02/02/2025,,,4.07,ECU,Movil
EST00780,SQL Fundamentals,09-11-2025,20.9,87.4%,9.27,ECUADOR,MOVIL
EST00714,Estadística Aplicada,21/03/2025,18.8,37.6%,9.69,México,Computador
EST00627,Python para Datos,20-12-2025,15.0,86.3%,5.53,peru,Movil
EST00458,Python para Datos,2025-10-24,20.5,72.2%,8.36,Ecuador,movil
EST00489,Visualización de Datos,22-11-2025,17.9,72.3%,9.35,colombia,Computador
EST00089,SQL Fundamentals,07/25/2025,21.4,65.1%,10.9,México,Computador
EST00484,SQL Fundamentals,2025-07-04,24.8,70.8%,10.59,Ecuador,MOVIL
EST00461,Machine Learning Básico,2025-07-22,25.7,75.9%,6.68,MEX,
EST00078,Visualización de Datos,11/04/2025,23.0,49.6%,9.03,mexico,computador
EST00269,SQL Fundamentals,01/17/2025,6.8,29.6%,7.16,,MOVIL
EST00930,Visualización de Datos,17/11/2025,15.4,51.3%,5.52,Perú,movil
EST00124,Estadística Aplicada,2025-07-16,11.9,80.7%,7.41,México,computador
EST00298,Python para Datos,28/02/2025,0.9,72.5%,8.62,CHI,computador
EST00882,Estadística Aplicada,20-03-2025,,64.2%,7.26,ECU,Tablet
EST00096,Machine Learning Básico,08/09/2025,17.1,51.2%,8.35,Mexico,Computador
EST00734,Python para Datos,2025-10-06,28.4,58.8%,6.52,COLOMBIA,Tablet
EST00012,Excel Avanzado,29/01/2025,16.0,79.2%,,peru,Computador
EST00115,Machine Learning Básico,27/03/2025,15.2,52.6%,7.71,PER,MOVIL
EST00844,Excel Avanzado,25/11/2025,14.7,62.7%,7.28,MEX,computador
EST00429,Machine Learning Básico,10/03/2025,24.0,78.0%,7.93,Mexico,MOVIL
EST00258,Machine Learning Básico,28-03-2025,16.5,64.8%,7.77,ecuador,MOVIL
EST00732,Excel Avanzado,15/05/2025,13.2,77.0%,5.98,mexico,movil
EST00950,Estadística Aplicada,01/05/2025,18.7,80.1%,7.17,PER,Movil
EST00765,SQL Fundamentals,07/04/2025,9.7,43.6%,6.23, peru,tablet
EST00353,Python para Datos,,19.4,56.9%,5.71,mexico,Computador
EST00908,Machine Learning Básico,2025-08-12,27.4,22.5%,7.91,Ecuador,movil
EST00774,Estadística Aplicada,26-11-2025,34.6,51.2%,7.63,COL,computador
EST00956,Visualización de Datos,2025-08-31,20.3,83.5%,4.03,ECU,Computador
EST00691,Excel Avanzado,,17.7,80.0%,6.34,peru,MOVIL
EST00791,Machine Learning Básico,04-09-2025,18.7,46.0%,11.54,COLOMBIA,Computador
EST00532,Visualización de Datos,06/04/2025,15.1,75.9%,6.27,ECUADOR,Movil
EST00868,SQL Fundamentals,08/27/2025,15.0,83.0%,8.22,Perú,Movil
EST00170,Estadística Aplicada,02-05-2025,13.1,67.4%,6.14,peru,Computador
EST00240,Machine Learning Básico,06/02/2025,22.4,58.0%,5.23,Perú,Computador
EST00074,Visualización de Datos,16-01-2025,15.8,69.6%,7.8,COLOMBIA,computador
EST00762,Estadística Aplicada,,23.0,74.1%,5.0,ECUADOR,Computador
EST00741,Python para Datos,05/06/2025,14.8,45.7%,6.78,ECUADOR,computador
EST00751,Visualización de Datos,09-08-2025,17.6,76.3%,7.26,Mexico,MOVIL
EST00742,SQL Fundamentals,08/01/2025,11.6,66.2%,8.33,COL,Computador
EST00831,Estadística Aplicada,2025-07-19,15.0,46.7%,7.45,ecuador,movil
EST00048,Machine Learning Básico,03-12-2025,19.7,57.5%,6.8,Colombia,MOVIL
EST00763,Estadística Aplicada,04-12-2025,6.9,71.1%,5.29,Ecuador,computador
EST00592,Estadística Aplicada,31-01-2025,18.7,56.0%,9.26,ECU,Computador
EST00808,Excel Avanzado,2025-03-10,4.8,62.3%,8.12,COL,MOVIL
EST00506,Python para Datos,2025-10-30,4.1,81.5%,8.15, Ecuador,tablet
EST00653,Python para Datos,2025-07-14,15.7,61.6%,9.07,MEX,computador
EST00193,Visualización de Datos,07/18/2025,18.3,73.8%,5.14,Mexico,Computador
EST00245,Excel Avanzado,03/23/2025,26.2,78.2%,11.07,ECU,Computador
EST00060,Visualización de Datos,2025-01-27,20.9,80.6%,6.71,chile,Tablet
EST00177,Excel Avanzado,02-12-2025,15.0,97.3%,7.2,COL,Movil
EST00450,Visualización de Datos,2025-04-26,14.1,50.9%,5.84,colombia,computador
EST00056,Excel Avanzado,07-09-2025,,29.9%,7.49,ECUADOR,computador
EST00920,Estadística Aplicada,2025-07-24,21.6,44.1%,6.36,,MOVIL
EST00642,Visualización de Datos,09/29/2025,18.8,68.2%,9.47,ECUADOR,Movil
